Workbook
Name boosted: 'BOP - T'!$N$17:$O$17
Name calendar: Start!$AI$5:$AS$18
Name chassisShortStatsNew: Stats!$BK$5:$BM$8
Name chassisStatsBalanced: 'BOP - T'!$AZ$5:$BF$7
Name chassisStatsNew: Stats!$BB$5:$BH$8
Name driverStats: Drivers!$B$5:$E$91
Name engineStatsBalanced: 'BOP - T'!$AZ$5:$BF$8
Name engineStatsNew: Stats!$BP$5:$BT$8
Name lengthDetails: Start!$AN$21:$AP$24
Name pointsSystem: Start!$BZ$5:$CC$42
Name pointsSystem2: Start!$CF$5:$CH$42
Name trackList: Start!$BI$5:$BS$41
Name tyreStatsNew: Stats!$BW$5:$BY$7

Sheet tyre wear sim
B2: venue | C2: 2
B3: team | C3: 3 | E3: bruh | G3: min perf | H3: =C8 - 50 -> 48
B4: spine | C4: 2 | E4: march | G4: max perf | H4: =C8 - 35 -> 63
B5: tyres | C5: 2 | E5: pirelli
B6: drivers | C6: 2
B7: race len | C7: 28
B8: tyre perf | C8: 98 | E8: div | F8: 4
B10: lap no | D10: perf | E10: drop off | F10: rem life | G10: max life | I10: max - rem | J10: div 10 flr | K10: (deg flr +1) / 2 | L10: flr | N10: range min | O10: range max | Q10: /1 | R10: /1.5 | S10: /2 | T10: /3 | U10: /4
B12: lap 1 | D12: =100 - E12 -> 100 | E12: =FLOOR((G12 - F12) / 10, 1) * K12 -> 0 | F12: =G12 - FLOOR(RANDBETWEEN(N12, O12) / F8, 1) -> 97 | G12: 100 | I12: =G12 - E12 -> 100 | J12: =FLOOR(I12 / 10, 1) -> 10 | K12: =C6 -> 2 | L12: =J12 * K12 -> 20 | N12: =SUM(C2:C6) -> 11 | O12: =N12 + (3 * C6) -> 17 | Q12: =FLOOR(RANDBETWEEN(N12, O12), 1) -> 15 | R12: =FLOOR(RANDBETWEEN(N12, O12) / 1.5, 1) -> 9 | S12: =FLOOR(RANDBETWEEN(N12, O12) / 2, 1) -> 5 | T12: =FLOOR(RANDBETWEEN(N12, O12) / 3, 1) -> 5 | U12: =FLOOR(RANDBETWEEN(N12, O12) / 4, 1) -> 2
B13: lap 2 | D13: =100 - E13 -> 100 | E13: =FLOOR((G13 - F13) / 10, 1) * K13 -> 0 | F13: =F12 - FLOOR(RANDBETWEEN(N13, O13) / F8, 1) -> 94 | G13: =G12 -> 100 | I13: =G13 - E13 -> 100 | J13: =FLOOR(I13 / 10, 1) -> 10 | K13: =C6 -> 2 | L13: =J13 * K13 -> 20 | N13: =N12 -> 11 | O13: =O12 -> 17 | Q13: =FLOOR(RANDBETWEEN(N13, O13), 1) -> 12 | R13: =FLOOR(RANDBETWEEN(N13, O13) / 1.5, 1) -> 8 | S13: =FLOOR(RANDBETWEEN(N13, O13) / 2, 1) -> 8 | T13: =FLOOR(RANDBETWEEN(N13, O13) / 3, 1) -> 5 | U13: =FLOOR(RANDBETWEEN(N13, O13) / 4, 1) -> 3
B14: lap 3 | D14: =100 - E14 -> 100 | E14: =FLOOR((G14 - F14) / 10, 1) * K14 -> 0 | F14: =F13 - FLOOR(RANDBETWEEN(N14, O14) / F8, 1) -> 91 | G14: =G13 -> 100 | I14: =G14 - E14 -> 100 | J14: =FLOOR(I14 / 10, 1) -> 10 | K14: =C6 -> 2 | L14: =J14 * K14 -> 20 | N14: =N13 -> 11 | O14: =O13 -> 17 | Q14: =FLOOR(RANDBETWEEN(N14, O14), 1) -> 14 | R14: =FLOOR(RANDBETWEEN(N14, O14) / 1.5, 1) -> 8 | S14: =FLOOR(RANDBETWEEN(N14, O14) / 2, 1) -> 6 | T14: =FLOOR(RANDBETWEEN(N14, O14) / 3, 1) -> 5 | U14: =FLOOR(RANDBETWEEN(N14, O14) / 4, 1) -> 4
B15: lap 4 | D15: =100 - E15 -> 98 | E15: =FLOOR((G15 - F15) / 10, 1) * K15 -> 2 | F15: =F14 - FLOOR(RANDBETWEEN(N15, O15) / F8, 1) -> 88 | G15: =G14 -> 100 | I15: =G15 - E15 -> 98 | J15: =FLOOR(I15 / 10, 1) -> 9 | K15: =C6 -> 2 | L15: =J15 * K15 -> 18 | N15: =N14 -> 11 | O15: =O14 -> 17 | Q15: =FLOOR(RANDBETWEEN(N15, O15), 1) -> 16 | R15: =FLOOR(RANDBETWEEN(N15, O15) / 1.5, 1) -> 11 | S15: =FLOOR(RANDBETWEEN(N15, O15) / 2, 1) -> 5 | T15: =FLOOR(RANDBETWEEN(N15, O15) / 3, 1) -> 5 | U15: =FLOOR(RANDBETWEEN(N15, O15) / 4, 1) -> 2
B16: lap 5 | D16: =100 - E16 -> 98 | E16: =FLOOR((G16 - F16) / 10, 1) * K16 -> 2 | F16: =F15 - FLOOR(RANDBETWEEN(N16, O16) / F8, 1) -> 85 | G16: =G15 -> 100 | I16: =G16 - E16 -> 98 | J16: =FLOOR(I16 / 10, 1) -> 9 | K16: =C6 -> 2 | L16: =J16 * K16 -> 18 | N16: =N15 -> 11 | O16: =O15 -> 17 | Q16: =FLOOR(RANDBETWEEN(N16, O16), 1) -> 11 | R16: =FLOOR(RANDBETWEEN(N16, O16) / 1.5, 1) -> 8 | S16: =FLOOR(RANDBETWEEN(N16, O16) / 2, 1) -> 7 | T16: =FLOOR(RANDBETWEEN(N16, O16) / 3, 1) -> 4 | U16: =FLOOR(RANDBETWEEN(N16, O16) / 4, 1) -> 4
B17: lap 6 | D17: =100 - E17 -> 98 | E17: =FLOOR((G17 - F17) / 10, 1) * K17 -> 2 | F17: =F16 - FLOOR(RANDBETWEEN(N17, O17) / F8, 1) -> 82 | G17: =G16 -> 100 | I17: =G17 - E17 -> 98 | J17: =FLOOR(I17 / 10, 1) -> 9 | K17: =C6 -> 2 | L17: =J17 * K17 -> 18 | N17: =N16 -> 11 | O17: =O16 -> 17 | Q17: =FLOOR(RANDBETWEEN(N17, O17), 1) -> 14 | R17: =FLOOR(RANDBETWEEN(N17, O17) / 1.5, 1) -> 7 | S17: =FLOOR(RANDBETWEEN(N17, O17) / 2, 1) -> 8 | T17: =FLOOR(RANDBETWEEN(N17, O17) / 3, 1) -> 5 | U17: =FLOOR(RANDBETWEEN(N17, O17) / 4, 1) -> 4
B18: lap 7 | D18: =100 - E18 -> 96 | E18: =FLOOR((G18 - F18) / 10, 1) * K18 -> 4 | F18: =F17 - FLOOR(RANDBETWEEN(N18, O18) / F8, 1) -> 79 | G18: =G17 -> 100 | I18: =G18 - E18 -> 96 | J18: =FLOOR(I18 / 10, 1) -> 9 | K18: =C6 -> 2 | L18: =J18 * K18 -> 18 | N18: =N17 -> 11 | O18: =O17 -> 17 | Q18: =FLOOR(RANDBETWEEN(N18, O18), 1) -> 16 | R18: =FLOOR(RANDBETWEEN(N18, O18) / 1.5, 1) -> 8 | S18: =FLOOR(RANDBETWEEN(N18, O18) / 2, 1) -> 5 | T18: =FLOOR(RANDBETWEEN(N18, O18) / 3, 1) -> 4 | U18: =FLOOR(RANDBETWEEN(N18, O18) / 4, 1) -> 3
B19: lap 8 | D19: =100 - E19 -> 96 | E19: =FLOOR((G19 - F19) / 10, 1) * K19 -> 4 | F19: =F18 - FLOOR(RANDBETWEEN(N19, O19) / F8, 1) -> 75 | G19: =G18 -> 100 | I19: =G19 - E19 -> 96 | J19: =FLOOR(I19 / 10, 1) -> 9 | K19: =C6 -> 2 | L19: =J19 * K19 -> 18 | N19: =N18 -> 11 | O19: =O18 -> 17 | Q19: =FLOOR(RANDBETWEEN(N19, O19), 1) -> 14 | R19: =FLOOR(RANDBETWEEN(N19, O19) / 1.5, 1) -> 10 | S19: =FLOOR(RANDBETWEEN(N19, O19) / 2, 1) -> 7 | T19: =FLOOR(RANDBETWEEN(N19, O19) / 3, 1) -> 5 | U19: =FLOOR(RANDBETWEEN(N19, O19) / 4, 1) -> 3
B20: lap 9 | D20: =100 - E20 -> 96 | E20: =FLOOR((G20 - F20) / 10, 1) * K20 -> 4 | F20: =F19 - FLOOR(RANDBETWEEN(N20, O20) / F8, 1) -> 72 | G20: =G19 -> 100 | I20: =G20 - E20 -> 96 | J20: =FLOOR(I20 / 10, 1) -> 9 | K20: =C6 -> 2 | L20: =J20 * K20 -> 18 | N20: =N19 -> 11 | O20: =O19 -> 17 | Q20: =FLOOR(RANDBETWEEN(N20, O20), 1) -> 15 | R20: =FLOOR(RANDBETWEEN(N20, O20) / 1.5, 1) -> 11 | S20: =FLOOR(RANDBETWEEN(N20, O20) / 2, 1) -> 7 | T20: =FLOOR(RANDBETWEEN(N20, O20) / 3, 1) -> 3 | U20: =FLOOR(RANDBETWEEN(N20, O20) / 4, 1) -> 3
B21: lap 10 | D21: =100 - E21 -> 94 | E21: =FLOOR((G21 - F21) / 10, 1) * K21 -> 6 | F21: =F20 - FLOOR(RANDBETWEEN(N21, O21) / F8, 1) -> 70 | G21: =G20 -> 100 | I21: =G21 - E21 -> 94 | J21: =FLOOR(I21 / 10, 1) -> 9 | K21: =C6 -> 2 | L21: =J21 * K21 -> 18 | N21: =N20 -> 11 | O21: =O20 -> 17 | Q21: =FLOOR(RANDBETWEEN(N21, O21), 1) -> 16 | R21: =FLOOR(RANDBETWEEN(N21, O21) / 1.5, 1) -> 9 | S21: =FLOOR(RANDBETWEEN(N21, O21) / 2, 1) -> 7 | T21: =FLOOR(RANDBETWEEN(N21, O21) / 3, 1) -> 5 | U21: =FLOOR(RANDBETWEEN(N21, O21) / 4, 1) -> 3
B22: lap 11 | D22: =100 - E22 -> 94 | E22: =FLOOR((G22 - F22) / 10, 1) * K22 -> 6 | F22: =F21 - FLOOR(RANDBETWEEN(N22, O22) / F8, 1) -> 68 | G22: =G21 -> 100 | I22: =G22 - E22 -> 94 | J22: =FLOOR(I22 / 10, 1) -> 9 | K22: =C6 -> 2 | L22: =J22 * K22 -> 18 | N22: =N21 -> 11 | O22: =O21 -> 17 | Q22: =FLOOR(RANDBETWEEN(N22, O22), 1) -> 11 | R22: =FLOOR(RANDBETWEEN(N22, O22) / 1.5, 1) -> 8 | S22: =FLOOR(RANDBETWEEN(N22, O22) / 2, 1) -> 8 | T22: =FLOOR(RANDBETWEEN(N22, O22) / 3, 1) -> 5 | U22: =FLOOR(RANDBETWEEN(N22, O22) / 4, 1) -> 2
B23: lap 12 | D23: =100 - E23 -> 94 | E23: =FLOOR((G23 - F23) / 10, 1) * K23 -> 6 | F23: =F22 - FLOOR(RANDBETWEEN(N23, O23) / F8, 1) -> 65 | G23: =G22 -> 100 | I23: =G23 - E23 -> 94 | J23: =FLOOR(I23 / 10, 1) -> 9 | K23: =C6 -> 2 | L23: =J23 * K23 -> 18 | N23: =N22 -> 11 | O23: =O22 -> 17 | Q23: =FLOOR(RANDBETWEEN(N23, O23), 1) -> 13 | R23: =FLOOR(RANDBETWEEN(N23, O23) / 1.5, 1) -> 10 | S23: =FLOOR(RANDBETWEEN(N23, O23) / 2, 1) -> 8 | T23: =FLOOR(RANDBETWEEN(N23, O23) / 3, 1) -> 4 | U23: =FLOOR(RANDBETWEEN(N23, O23) / 4, 1) -> 3
B24: lap 13 | D24: =100 - E24 -> 94 | E24: =FLOOR((G24 - F24) / 10, 1) * K24 -> 6 | F24: =F23 - FLOOR(RANDBETWEEN(N24, O24) / F8, 1) -> 61 | G24: =G23 -> 100 | I24: =G24 - E24 -> 94 | J24: =FLOOR(I24 / 10, 1) -> 9 | K24: =C6 -> 2 | L24: =J24 * K24 -> 18 | N24: =N23 -> 11 | O24: =O23 -> 17 | Q24: =FLOOR(RANDBETWEEN(N24, O24), 1) -> 12 | R24: =FLOOR(RANDBETWEEN(N24, O24) / 1.5, 1) -> 9 | S24: =FLOOR(RANDBETWEEN(N24, O24) / 2, 1) -> 8 | T24: =FLOOR(RANDBETWEEN(N24, O24) / 3, 1) -> 4 | U24: =FLOOR(RANDBETWEEN(N24, O24) / 4, 1) -> 4
B25: lap 14 | D25: =100 - E25 -> 92 | E25: =FLOOR((G25 - F25) / 10, 1) * K25 -> 8 | F25: =F24 - FLOOR(RANDBETWEEN(N25, O25) / F8, 1) -> 58 | G25: =G24 -> 100 | I25: =G25 - E25 -> 92 | J25: =FLOOR(I25 / 10, 1) -> 9 | K25: =C6 -> 2 | L25: =J25 * K25 -> 18 | N25: =N24 -> 11 | O25: =O24 -> 17 | Q25: =FLOOR(RANDBETWEEN(N25, O25), 1) -> 11 | R25: =FLOOR(RANDBETWEEN(N25, O25) / 1.5, 1) -> 10 | S25: =FLOOR(RANDBETWEEN(N25, O25) / 2, 1) -> 6 | T25: =FLOOR(RANDBETWEEN(N25, O25) / 3, 1) -> 4 | U25: =FLOOR(RANDBETWEEN(N25, O25) / 4, 1) -> 4
B26: lap 15 | D26: =100 - E26 -> 92 | E26: =FLOOR((G26 - F26) / 10, 1) * K26 -> 8 | F26: =F25 - FLOOR(RANDBETWEEN(N26, O26) / F8, 1) -> 55 | G26: =G25 -> 100 | I26: =G26 - E26 -> 92 | J26: =FLOOR(I26 / 10, 1) -> 9 | K26: =C6 -> 2 | L26: =J26 * K26 -> 18 | N26: =N25 -> 11 | O26: =O25 -> 17 | Q26: =FLOOR(RANDBETWEEN(N26, O26), 1) -> 15 | R26: =FLOOR(RANDBETWEEN(N26, O26) / 1.5, 1) -> 11 | S26: =FLOOR(RANDBETWEEN(N26, O26) / 2, 1) -> 8 | T26: =FLOOR(RANDBETWEEN(N26, O26) / 3, 1) -> 5 | U26: =FLOOR(RANDBETWEEN(N26, O26) / 4, 1) -> 4
B27: lap 16 | D27: =100 - E27 -> 92 | E27: =FLOOR((G27 - F27) / 10, 1) * K27 -> 8 | F27: =F26 - FLOOR(RANDBETWEEN(N27, O27) / F8, 1) -> 52 | G27: =G26 -> 100 | I27: =G27 - E27 -> 92 | J27: =FLOOR(I27 / 10, 1) -> 9 | K27: =C6 -> 2 | L27: =J27 * K27 -> 18 | N27: =N26 -> 11 | O27: =O26 -> 17 | Q27: =FLOOR(RANDBETWEEN(N27, O27), 1) -> 12 | R27: =FLOOR(RANDBETWEEN(N27, O27) / 1.5, 1) -> 7 | S27: =FLOOR(RANDBETWEEN(N27, O27) / 2, 1) -> 6 | T27: =FLOOR(RANDBETWEEN(N27, O27) / 3, 1) -> 5 | U27: =FLOOR(RANDBETWEEN(N27, O27) / 4, 1) -> 2
B28: lap 17 | D28: =100 - E28 -> 90 | E28: =FLOOR((G28 - F28) / 10, 1) * K28 -> 10 | F28: =F27 - FLOOR(RANDBETWEEN(N28, O28) / F8, 1) -> 49 | G28: =G27 -> 100 | I28: =G28 - E28 -> 90 | J28: =FLOOR(I28 / 10, 1) -> 9 | K28: =C6 -> 2 | L28: =J28 * K28 -> 18 | N28: =N27 -> 11 | O28: =O27 -> 17 | Q28: =FLOOR(RANDBETWEEN(N28, O28), 1) -> 14 | R28: =FLOOR(RANDBETWEEN(N28, O28) / 1.5, 1) -> 10 | S28: =FLOOR(RANDBETWEEN(N28, O28) / 2, 1) -> 8 | T28: =FLOOR(RANDBETWEEN(N28, O28) / 3, 1) -> 3 | U28: =FLOOR(RANDBETWEEN(N28, O28) / 4, 1) -> 4
B29: lap 18 | D29: =100 - E29 -> 90 | E29: =FLOOR((G29 - F29) / 10, 1) * K29 -> 10 | F29: =F28 - FLOOR(RANDBETWEEN(N29, O29) / F8, 1) -> 46 | G29: =G28 -> 100 | I29: =G29 - E29 -> 90 | J29: =FLOOR(I29 / 10, 1) -> 9 | K29: =C6 -> 2 | L29: =J29 * K29 -> 18 | N29: =N28 -> 11 | O29: =O28 -> 17 | Q29: =FLOOR(RANDBETWEEN(N29, O29), 1) -> 14 | R29: =FLOOR(RANDBETWEEN(N29, O29) / 1.5, 1) -> 9 | S29: =FLOOR(RANDBETWEEN(N29, O29) / 2, 1) -> 7 | T29: =FLOOR(RANDBETWEEN(N29, O29) / 3, 1) -> 4 | U29: =FLOOR(RANDBETWEEN(N29, O29) / 4, 1) -> 3
B30: lap 19 | D30: =100 - E30 -> 90 | E30: =FLOOR((G30 - F30) / 10, 1) * K30 -> 10 | F30: =F29 - FLOOR(RANDBETWEEN(N30, O30) / F8, 1) -> 42 | G30: =G29 -> 100 | I30: =G30 - E30 -> 90 | J30: =FLOOR(I30 / 10, 1) -> 9 | K30: =C6 -> 2 | L30: =J30 * K30 -> 18 | N30: =N29 -> 11 | O30: =O29 -> 17 | Q30: =FLOOR(RANDBETWEEN(N30, O30), 1) -> 11 | R30: =FLOOR(RANDBETWEEN(N30, O30) / 1.5, 1) -> 10 | S30: =FLOOR(RANDBETWEEN(N30, O30) / 2, 1) -> 8 | T30: =FLOOR(RANDBETWEEN(N30, O30) / 3, 1) -> 5 | U30: =FLOOR(RANDBETWEEN(N30, O30) / 4, 1) -> 3
B31: lap 20 | D31: =100 - E31 -> 88 | E31: =FLOOR((G31 - F31) / 10, 1) * K31 -> 12 | F31: =F30 - FLOOR(RANDBETWEEN(N31, O31) / F8, 1) -> 40 | G31: =G30 -> 100 | I31: =G31 - E31 -> 88 | J31: =FLOOR(I31 / 10, 1) -> 8 | K31: =C6 -> 2 | L31: =J31 * K31 -> 16 | N31: =N30 -> 11 | O31: =O30 -> 17 | Q31: =FLOOR(RANDBETWEEN(N31, O31), 1) -> 14 | R31: =FLOOR(RANDBETWEEN(N31, O31) / 1.5, 1) -> 9 | S31: =FLOOR(RANDBETWEEN(N31, O31) / 2, 1) -> 7 | T31: =FLOOR(RANDBETWEEN(N31, O31) / 3, 1) -> 4 | U31: =FLOOR(RANDBETWEEN(N31, O31) / 4, 1) -> 3
B32: lap 21 | D32: =100 - E32 -> 88 | E32: =FLOOR((G32 - F32) / 10, 1) * K32 -> 12 | F32: =F31 - FLOOR(RANDBETWEEN(N32, O32) / F8, 1) -> 37 | G32: =G31 -> 100 | I32: =G32 - E32 -> 88 | J32: =FLOOR(I32 / 10, 1) -> 8 | K32: =C6 -> 2 | L32: =J32 * K32 -> 16 | N32: =N31 -> 11 | O32: =O31 -> 17 | Q32: =FLOOR(RANDBETWEEN(N32, O32), 1) -> 16 | R32: =FLOOR(RANDBETWEEN(N32, O32) / 1.5, 1) -> 10 | S32: =FLOOR(RANDBETWEEN(N32, O32) / 2, 1) -> 7 | T32: =FLOOR(RANDBETWEEN(N32, O32) / 3, 1) -> 3 | U32: =FLOOR(RANDBETWEEN(N32, O32) / 4, 1) -> 2
B33: lap 22 | D33: =100 - E33 -> 88 | E33: =FLOOR((G33 - F33) / 10, 1) * K33 -> 12 | F33: =F32 - FLOOR(RANDBETWEEN(N33, O33) / F8, 1) -> 35 | G33: =G32 -> 100 | I33: =G33 - E33 -> 88 | J33: =FLOOR(I33 / 10, 1) -> 8 | K33: =C6 -> 2 | L33: =J33 * K33 -> 16 | N33: =N32 -> 11 | O33: =O32 -> 17 | Q33: =FLOOR(RANDBETWEEN(N33, O33), 1) -> 16 | R33: =FLOOR(RANDBETWEEN(N33, O33) / 1.5, 1) -> 7 | S33: =FLOOR(RANDBETWEEN(N33, O33) / 2, 1) -> 7 | T33: =FLOOR(RANDBETWEEN(N33, O33) / 3, 1) -> 5 | U33: =FLOOR(RANDBETWEEN(N33, O33) / 4, 1) -> 4
B34: lap 23 | D34: =100 - E34 -> 88 | E34: =FLOOR((G34 - F34) / 10, 1) * K34 -> 12 | F34: =F33 - FLOOR(RANDBETWEEN(N34, O34) / F8, 1) -> 32 | G34: =G33 -> 100 | I34: =G34 - E34 -> 88 | J34: =FLOOR(I34 / 10, 1) -> 8 | K34: =C6 -> 2 | L34: =J34 * K34 -> 16 | N34: =N33 -> 11 | O34: =O33 -> 17 | Q34: =FLOOR(RANDBETWEEN(N34, O34), 1) -> 14 | R34: =FLOOR(RANDBETWEEN(N34, O34) / 1.5, 1) -> 11 | S34: =FLOOR(RANDBETWEEN(N34, O34) / 2, 1) -> 7 | T34: =FLOOR(RANDBETWEEN(N34, O34) / 3, 1) -> 3 | U34: =FLOOR(RANDBETWEEN(N34, O34) / 4, 1) -> 2
B35: lap 24 | D35: =100 - E35 -> 86 | E35: =FLOOR((G35 - F35) / 10, 1) * K35 -> 14 | F35: =F34 - FLOOR(RANDBETWEEN(N35, O35) / F8, 1) -> 30 | G35: =G34 -> 100 | I35: =G35 - E35 -> 86 | J35: =FLOOR(I35 / 10, 1) -> 8 | K35: =C6 -> 2 | L35: =J35 * K35 -> 16 | N35: =N34 -> 11 | O35: =O34 -> 17 | Q35: =FLOOR(RANDBETWEEN(N35, O35), 1) -> 15 | R35: =FLOOR(RANDBETWEEN(N35, O35) / 1.5, 1) -> 8 | S35: =FLOOR(RANDBETWEEN(N35, O35) / 2, 1) -> 5 | T35: =FLOOR(RANDBETWEEN(N35, O35) / 3, 1) -> 5 | U35: =FLOOR(RANDBETWEEN(N35, O35) / 4, 1) -> 3
B36: lap 25 | D36: =100 - E36 -> 86 | E36: =FLOOR((G36 - F36) / 10, 1) * K36 -> 14 | F36: =F35 - FLOOR(RANDBETWEEN(N36, O36) / F8, 1) -> 28 | G36: =G35 -> 100 | I36: =G36 - E36 -> 86 | J36: =FLOOR(I36 / 10, 1) -> 8 | K36: =C6 -> 2 | L36: =J36 * K36 -> 16 | N36: =N35 -> 11 | O36: =O35 -> 17 | Q36: =FLOOR(RANDBETWEEN(N36, O36), 1) -> 13 | R36: =FLOOR(RANDBETWEEN(N36, O36) / 1.5, 1) -> 9 | S36: =FLOOR(RANDBETWEEN(N36, O36) / 2, 1) -> 7 | T36: =FLOOR(RANDBETWEEN(N36, O36) / 3, 1) -> 3 | U36: =FLOOR(RANDBETWEEN(N36, O36) / 4, 1) -> 4
B37: lap 26 | D37: =100 - E37 -> 86 | E37: =FLOOR((G37 - F37) / 10, 1) * K37 -> 14 | F37: =F36 - FLOOR(RANDBETWEEN(N37, O37) / F8, 1) -> 24 | G37: =G36 -> 100 | I37: =G37 - E37 -> 86 | J37: =FLOOR(I37 / 10, 1) -> 8 | K37: =C6 -> 2 | L37: =J37 * K37 -> 16 | N37: =N36 -> 11 | O37: =O36 -> 17 | Q37: =FLOOR(RANDBETWEEN(N37, O37), 1) -> 16 | R37: =FLOOR(RANDBETWEEN(N37, O37) / 1.5, 1) -> 11 | S37: =FLOOR(RANDBETWEEN(N37, O37) / 2, 1) -> 6 | T37: =FLOOR(RANDBETWEEN(N37, O37) / 3, 1) -> 5 | U37: =FLOOR(RANDBETWEEN(N37, O37) / 4, 1) -> 4
B38: lap 27 | D38: =100 - E38 -> 84 | E38: =FLOOR((G38 - F38) / 10, 1) * K38 -> 16 | F38: =F37 - FLOOR(RANDBETWEEN(N38, O38) / F8, 1) -> 20 | G38: =G37 -> 100 | I38: =G38 - E38 -> 84 | J38: =FLOOR(I38 / 10, 1) -> 8 | K38: =C6 -> 2 | L38: =J38 * K38 -> 16 | N38: =N37 -> 11 | O38: =O37 -> 17 | Q38: =FLOOR(RANDBETWEEN(N38, O38), 1) -> 12 | R38: =FLOOR(RANDBETWEEN(N38, O38) / 1.5, 1) -> 8 | S38: =FLOOR(RANDBETWEEN(N38, O38) / 2, 1) -> 8 | T38: =FLOOR(RANDBETWEEN(N38, O38) / 3, 1) -> 5 | U38: =FLOOR(RANDBETWEEN(N38, O38) / 4, 1) -> 3
B39: lap 28 | D39: =100 - E39 -> 84 | E39: =FLOOR((G39 - F39) / 10, 1) * K39 -> 16 | F39: =F38 - FLOOR(RANDBETWEEN(N39, O39) / F8, 1) -> 17 | G39: =G38 -> 100 | I39: =G39 - E39 -> 84 | J39: =FLOOR(I39 / 10, 1) -> 8 | K39: =C6 -> 2 | L39: =J39 * K39 -> 16 | N39: =N38 -> 11 | O39: =O38 -> 17 | Q39: =FLOOR(RANDBETWEEN(N39, O39), 1) -> 17 | R39: =FLOOR(RANDBETWEEN(N39, O39) / 1.5, 1) -> 8 | S39: =FLOOR(RANDBETWEEN(N39, O39) / 2, 1) -> 6 | T39: =FLOOR(RANDBETWEEN(N39, O39) / 3, 1) -> 5 | U39: =FLOOR(RANDBETWEEN(N39, O39) / 4, 1) -> 2
B40: lap 29 | D40: =100 - E40 -> 84 | E40: =FLOOR((G40 - F40) / 10, 1) * K40 -> 16 | F40: =F39 - FLOOR(RANDBETWEEN(N40, O40) / F8, 1) -> 13 | G40: =G39 -> 100 | I40: =G40 - E40 -> 84 | J40: =FLOOR(I40 / 10, 1) -> 8 | K40: =C6 -> 2 | L40: =J40 * K40 -> 16 | N40: =N39 -> 11 | O40: =O39 -> 17 | Q40: =FLOOR(RANDBETWEEN(N40, O40), 1) -> 11 | R40: =FLOOR(RANDBETWEEN(N40, O40) / 1.5, 1) -> 8 | S40: =FLOOR(RANDBETWEEN(N40, O40) / 2, 1) -> 7 | T40: =FLOOR(RANDBETWEEN(N40, O40) / 3, 1) -> 4 | U40: =FLOOR(RANDBETWEEN(N40, O40) / 4, 1) -> 3
B41: lap 30 | D41: =100 - E41 -> 82 | E41: =FLOOR((G41 - F41) / 10, 1) * K41 -> 18 | F41: =F40 - FLOOR(RANDBETWEEN(N41, O41) / F8, 1) -> 10 | G41: =G40 -> 100 | I41: =G41 - E41 -> 82 | J41: =FLOOR(I41 / 10, 1) -> 8 | K41: =C6 -> 2 | L41: =J41 * K41 -> 16 | N41: =N40 -> 11 | O41: =O40 -> 17 | Q41: =FLOOR(RANDBETWEEN(N41, O41), 1) -> 14 | R41: =FLOOR(RANDBETWEEN(N41, O41) / 1.5, 1) -> 10 | S41: =FLOOR(RANDBETWEEN(N41, O41) / 2, 1) -> 6 | T41: =FLOOR(RANDBETWEEN(N41, O41) / 3, 1) -> 5 | U41: =FLOOR(RANDBETWEEN(N41, O41) / 4, 1) -> 4
B42: lap 31 | D42: =100 - E42 -> 82 | E42: =FLOOR((G42 - F42) / 10, 1) * K42 -> 18 | F42: =F41 - FLOOR(RANDBETWEEN(N42, O42) / F8, 1) -> 7 | G42: =G41 -> 100 | I42: =G42 - E42 -> 82 | J42: =FLOOR(I42 / 10, 1) -> 8 | K42: =C6 -> 2 | L42: =J42 * K42 -> 16 | N42: =N41 -> 11 | O42: =O41 -> 17 | Q42: =FLOOR(RANDBETWEEN(N42, O42), 1) -> 15 | R42: =FLOOR(RANDBETWEEN(N42, O42) / 1.5, 1) -> 8 | S42: =FLOOR(RANDBETWEEN(N42, O42) / 2, 1) -> 6 | T42: =FLOOR(RANDBETWEEN(N42, O42) / 3, 1) -> 4 | U42: =FLOOR(RANDBETWEEN(N42, O42) / 4, 1) -> 2
B43: lap 32 | D43: =100 - E43 -> 82 | E43: =FLOOR((G43 - F43) / 10, 1) * K43 -> 18 | F43: =F42 - FLOOR(RANDBETWEEN(N43, O43) / F8, 1) -> 4 | G43: =G42 -> 100 | I43: =G43 - E43 -> 82 | J43: =FLOOR(I43 / 10, 1) -> 8 | K43: =C6 -> 2 | L43: =J43 * K43 -> 16 | N43: =N42 -> 11 | O43: =O42 -> 17 | Q43: =FLOOR(RANDBETWEEN(N43, O43), 1) -> 16 | R43: =FLOOR(RANDBETWEEN(N43, O43) / 1.5, 1) -> 11 | S43: =FLOOR(RANDBETWEEN(N43, O43) / 2, 1) -> 6 | T43: =FLOOR(RANDBETWEEN(N43, O43) / 3, 1) -> 4 | U43: =FLOOR(RANDBETWEEN(N43, O43) / 4, 1) -> 3

Sheet Start
B2: TDS12 | T2: TDS | Z2: TDS | AE2: Junior Series Points System | AI2: TDS13 | AV2: TDS13 | BI2: TDS12 | BV2: Main Series Round Format | BZ2: Whatever I call this | CF2: TDS12
B3: Team Entries | T3: Points System | Z3: Points System | AI3: Season Calendar | AV3: Season Calendar but longer | BI3: Track List | BZ3: Points System | CF3: Points System
B4: Team Name | C4: Spine | D4: Engine | E4: Tyres | I4: Spine | J4: Engine | K4: Tyres | N4: Pos | O4: Q | P4: R1 | Q4: R2 | T4: Pos | U4: Q | V4: R1 | W4: R2 | Z4: Pos | AA4: R1 | AB4: R2 | AE4: Pos | AF4: Pts | AI4: Ev No | AJ4: Round Title | AK4: Code | AL4: Track | AM4: Country | AN4: Type | AO4: R1 Length | AP4: R2 Length | AQ4: Setup | AR4: Components | AV4: Ev No | AW4: Round Title | AX4: Code | AY4: Track | AZ4: Country | BA4: Type | BB4: R1 Length | BC4: R2 Length | BD4: Setup | BE4: Components | BI4: Code | BJ4: Track | BK4: Country | BL4: Type | BM4: Circuit Length | BN4: Incident Score | BO4: DNF Score | BP4: Tyre Wear | BQ4: Setup | BR4: Components | BV4: Session | BW4: Details | BZ4: Pos | CA4: Q | CB4: R1 | CC4: R2 | CF4: Pos | CG4: R1 | CH4: R2
B5: Bruh Racing | C5: Lola | D5: Chevrolet | E5: Pirelli | G5: Bottas | I5: Lola | J5: Chevrolet | K5: Firestone | N5: P1 | O5: 5 | P5: 15 | Q5: 10 | T5: P1 | U5: 10 | V5: 25 | W5: 15 | Z5: P1 | AA5: 30 | AB5: 20 | AE5: P1 | AF5: 12 | AI5: E1 | AJ5: Brazilian Event | AK5: Interlagos | AL5: =VLOOKUP(AK5, trackList, 2, FALSE) -> Autodromo Jose Carlos Pace | AM5: =VLOOKUP(AK5, trackList, 3, FALSE) -> Brazil | AN5: =VLOOKUP(AK5, trackList, 4, FALSE) -> Road Course | AO5: =CONCATENATE(CEILING(VLOOKUP(AN5, lengthDetails, 2, FALSE) / VLOOKUP(AK5, trackList, 5, FALSE), 1), " Laps") -> 38 Laps | AP5: =CONCATENATE(CEILING(VLOOKUP(AN5, lengthDetails, 3, FALSE) / VLOOKUP(AK5, trackList, 5, FALSE), 1), " Laps") -> 31 Laps | AQ5: =VLOOKUP(AK5, trackList, 9, FALSE) -> Chassis | AR5: =VLOOKUP(AK5, trackList, 10, FALSE) -> Aero | AS5: =VLOOKUP(AK5, trackList, 11, FALSE) -> Engine | AV5: E1 | AW5: Australian Event | AX5: Adelaide | AY5: =VLOOKUP(AX5, trackList, 2, FALSE) -> Adelaide Street Circuit | AZ5: =VLOOKUP(AX5, trackList, 3, FALSE) -> Australia | BA5: =VLOOKUP(AX5, trackList, 4, FALSE) -> Street Course | BB5: =CONCATENATE(CEILING(VLOOKUP(BA5, lengthDetails, 2, FALSE) / VLOOKUP(AX5, trackList, 5, FALSE), 1), " Laps") -> 40 Laps | BC5: =CONCATENATE(CEILING(VLOOKUP(BA5, lengthDetails, 3, FALSE) / VLOOKUP(AX5, trackList, 5, FALSE), 1), " Laps") -> 34 Laps | BD5: =VLOOKUP(AX5, trackList, 9, FALSE) -> Suspension | BE5: =VLOOKUP(AX5, trackList, 10, FALSE) -> Chassis | BF5: =VLOOKUP(AX5, trackList, 11, FALSE) -> Suspension | BI5: Adelaide | BJ5: Adelaide Street Circuit | BK5: Australia | BL5: Street Course | BM5: 3.78 | BN5: 1 | BO5: 1 | BP5: 2 | BQ5: Suspension | BR5: Chassis | BS5: Suspension | BV5: Practice | BW5: Single Session, provides Small Bonus | BZ5: P1 | CA5: 10 | CB5: 25 | CC5: 15 | CF5: P1 | CG5: 30 | CH5: 20
B6: Tactically Perfect Racing | C6: Tatuus | D6: Porsche | E6: Michelin | G6: Niks | I6: March | J6: Honda | N6: P2 | O6: 4 | P6: 12 | Q6: 8 | T6: P2 | U6: 8 | V6: 18 | W6: 12 | Z6: P2 | AA6: 22 | AB6: 15 | AE6: P2 | AF6: 10 | AI6: E2 | AJ6: American Event | AK6: Indianapolis | AL6: =VLOOKUP(AK6, trackList, 2, FALSE) -> Indianapolis Motor Speedway | AM6: =VLOOKUP(AK6, trackList, 3, FALSE) -> United States | AN6: =VLOOKUP(AK6, trackList, 4, FALSE) -> Speedway | AO6: =CONCATENATE(CEILING(VLOOKUP(AN6, lengthDetails, 2, FALSE) / VLOOKUP(AK6, trackList, 5, FALSE), 1), " Laps") -> 75 Laps | AP6: =CONCATENATE(CEILING(VLOOKUP(AN6, lengthDetails, 3, FALSE) / VLOOKUP(AK6, trackList, 5, FALSE), 1), " Laps") -> 50 Laps | AQ6: =VLOOKUP(AK6, trackList, 9, FALSE) -> Aero | AR6: =VLOOKUP(AK6, trackList, 10, FALSE) -> Aero | AS6: =VLOOKUP(AK6, trackList, 11, FALSE) -> Engine | AV6: E2 | AW6: Chinese Event | AX6: Shanghai | AY6: =VLOOKUP(AX6, trackList, 2, FALSE) -> Shanghai International Circuit | AZ6: =VLOOKUP(AX6, trackList, 3, FALSE) -> China | BA6: =VLOOKUP(AX6, trackList, 4, FALSE) -> Road Course | BB6: =CONCATENATE(CEILING(VLOOKUP(BA6, lengthDetails, 2, FALSE) / VLOOKUP(AX6, trackList, 5, FALSE), 1), " Laps") -> 30 Laps | BC6: =CONCATENATE(CEILING(VLOOKUP(BA6, lengthDetails, 3, FALSE) / VLOOKUP(AX6, trackList, 5, FALSE), 1), " Laps") -> 24 Laps | BD6: =VLOOKUP(AX6, trackList, 9, FALSE) -> Aero | BE6: =VLOOKUP(AX6, trackList, 10, FALSE) -> Aero | BF6: =VLOOKUP(AX6, trackList, 11, FALSE) -> Engine | BI6: Bahrain | BJ6: Bahrain International Circuit | BK6: Bahrain | BL6: Road Course | BM6: 5.412 | BN6: 4 | BO6: 4 | BP6: 4 | BQ6: Aero | BR6: Aero | BS6: Engine | BV6: Qualifying 1 | BW6: Every Driver gets a Single Lap | BZ6: P2 | CA6: 8 | CB6: 18 | CC6: 12 | CF6: P2 | CG6: 22 | CH6: 15
B7: Super Corby Racing | C7: Tatuus | D7: Porsche | E7: Michelin | G7: Kenzie | I7: Reynard | J7: Porsche | K7: Pirelli | N7: P3 | O7: 3 | P7: 10 | Q7: 6 | T7: P3 | U7: 6 | V7: 15 | W7: 10 | Z7: P3 | AA7: 18 | AB7: 12 | AE7: P3 | AF7: 8 | AI7: E3 | AJ7: Texan Event | AK7: Texas | AL7: =VLOOKUP(AK7, trackList, 2, FALSE) -> Texas Motor Speedway | AM7: =VLOOKUP(AK7, trackList, 3, FALSE) -> United States | AN7: =VLOOKUP(AK7, trackList, 4, FALSE) -> Speedway | AO7: =CONCATENATE(CEILING(VLOOKUP(AN7, lengthDetails, 2, FALSE) / VLOOKUP(AK7, trackList, 5, FALSE), 1), " Laps") -> 125 Laps | AP7: =CONCATENATE(CEILING(VLOOKUP(AN7, lengthDetails, 3, FALSE) / VLOOKUP(AK7, trackList, 5, FALSE), 1), " Laps") -> 83 Laps | AQ7: =VLOOKUP(AK7, trackList, 9, FALSE) -> Aero | AR7: =VLOOKUP(AK7, trackList, 10, FALSE) -> Aero | AS7: =VLOOKUP(AK7, trackList, 11, FALSE) -> Engine | AV7: E3 | AW7: Malaysian Event | AX7: Sepang | AY7: =VLOOKUP(AX7, trackList, 2, FALSE) -> Sepang International Circuit | AZ7: =VLOOKUP(AX7, trackList, 3, FALSE) -> Malaysia | BA7: =VLOOKUP(AX7, trackList, 4, FALSE) -> Road Course | BB7: =CONCATENATE(CEILING(VLOOKUP(BA7, lengthDetails, 2, FALSE) / VLOOKUP(AX7, trackList, 5, FALSE), 1), " Laps") -> 29 Laps | BC7: =CONCATENATE(CEILING(VLOOKUP(BA7, lengthDetails, 3, FALSE) / VLOOKUP(AX7, trackList, 5, FALSE), 1), " Laps") -> 24 Laps | BD7: =VLOOKUP(AX7, trackList, 9, FALSE) -> Aero | BE7: =VLOOKUP(AX7, trackList, 10, FALSE) -> Chassis | BF7: =VLOOKUP(AX7, trackList, 11, FALSE) -> Engine | BI7: Jerez | BJ7: Circuito de Jerez Angel Nieto | BK7: Spain | BL7: Road Course | BM7: 4.428 | BN7: 2 | BO7: 3 | BP7: 3 | BQ7: Chassis | BR7: Chassis | BS7: Suspension | BV7: Qualifying 2 | BW7: Top 8 run in Reverse Order to Set Grid | BZ7: P3 | CA7: 6 | CB7: 15 | CC7: 10 | CF7: P3 | CG7: 18 | CH7: 12
B8: Blue Flag Racing | C8: Reynard | D8: Honda | E8: Firestone | G8: Kenzie | I8: Tatuus | J8: Toyota | K8: Michelin | N8: P4 | O8: 2 | P8: 8 | Q8: 5 | T8: P4 | U8: 5 | V8: 12 | W8: 9 | Z8: P4 | AA8: 15 | AB8: 10 | AE8: P4 | AF8: 7 | AI8: E4 | AJ8: South African Event | AK8: Kyalami | AL8: =VLOOKUP(AK8, trackList, 2, FALSE) -> Kyalami Grand Prix Circuit | AM8: =VLOOKUP(AK8, trackList, 3, FALSE) -> South Africa | AN8: =VLOOKUP(AK8, trackList, 4, FALSE) -> Road Course | AO8: =CONCATENATE(CEILING(VLOOKUP(AN8, lengthDetails, 2, FALSE) / VLOOKUP(AK8, trackList, 5, FALSE), 1), " Laps") -> 36 Laps | AP8: =CONCATENATE(CEILING(VLOOKUP(AN8, lengthDetails, 3, FALSE) / VLOOKUP(AK8, trackList, 5, FALSE), 1), " Laps") -> 29 Laps | AQ8: =VLOOKUP(AK8, trackList, 9, FALSE) -> Suspension | AR8: =VLOOKUP(AK8, trackList, 10, FALSE) -> Chassis | AS8: =VLOOKUP(AK8, trackList, 11, FALSE) -> Suspension | AV8: E4 | AW8: Singapore Event | AX8: Singapore | AY8: =VLOOKUP(AX8, trackList, 2, FALSE) -> Marina Bay Street Circuit | AZ8: =VLOOKUP(AX8, trackList, 3, FALSE) -> Singapore | BA8: =VLOOKUP(AX8, trackList, 4, FALSE) -> Street Course | BB8: =CONCATENATE(CEILING(VLOOKUP(BA8, lengthDetails, 2, FALSE) / VLOOKUP(AX8, trackList, 5, FALSE), 1), " Laps") -> 31 Laps | BC8: =CONCATENATE(CEILING(VLOOKUP(BA8, lengthDetails, 3, FALSE) / VLOOKUP(AX8, trackList, 5, FALSE), 1), " Laps") -> 26 Laps | BD8: =VLOOKUP(AX8, trackList, 9, FALSE) -> Suspension | BE8: =VLOOKUP(AX8, trackList, 10, FALSE) -> Aero | BF8: =VLOOKUP(AX8, trackList, 11, FALSE) -> Engine | BI8: Mugello | BJ8: Autodromo Nazionale del Mugello | BK8: Italy | BL8: Road Course | BM8: 5.245 | BN8: 4 | BO8: 4 | BP8: 4 | BQ8: Aero | BR8: Aero | BS8: Engine | BV8: Race 1 | BW8: Uses Results of Q2 to form Grid, Most Points | BZ8: P4 | CA8: 5 | CB8: 12 | CC8: 9 | CF8: P4 | CG8: 15 | CH8: 10
B9: 98-99 Racing | C9: March | D9: Porsche | E9: Pirelli | G9: Niks | N9: P5 | O9: 1 | P9: 6 | Q9: 4 | T9: P5 | U9: 4 | V9: 10 | W9: 8 | Z9: P5 | AA9: 12 | AB9: 8 | AE9: P5 | AF9: 6 | AI9: E5 | AJ9: Spanish Event | AK9: Jerez | AL9: =VLOOKUP(AK9, trackList, 2, FALSE) -> Circuito de Jerez Angel Nieto | AM9: =VLOOKUP(AK9, trackList, 3, FALSE) -> Spain | AN9: =VLOOKUP(AK9, trackList, 4, FALSE) -> Road Course | AO9: =CONCATENATE(CEILING(VLOOKUP(AN9, lengthDetails, 2, FALSE) / VLOOKUP(AK9, trackList, 5, FALSE), 1), " Laps") -> 37 Laps | AP9: =CONCATENATE(CEILING(VLOOKUP(AN9, lengthDetails, 3, FALSE) / VLOOKUP(AK9, trackList, 5, FALSE), 1), " Laps") -> 30 Laps | AQ9: =VLOOKUP(AK9, trackList, 9, FALSE) -> Chassis | AR9: =VLOOKUP(AK9, trackList, 10, FALSE) -> Chassis | AS9: =VLOOKUP(AK9, trackList, 11, FALSE) -> Suspension | AV9: E5 | AW9: Japanese Event | AX9: Suzuka | AY9: =VLOOKUP(AX9, trackList, 2, FALSE) -> Suzuka Circuit | AZ9: =VLOOKUP(AX9, trackList, 3, FALSE) -> Japan | BA9: =VLOOKUP(AX9, trackList, 4, FALSE) -> Road Course | BB9: =CONCATENATE(CEILING(VLOOKUP(BA9, lengthDetails, 2, FALSE) / VLOOKUP(AX9, trackList, 5, FALSE), 1), " Laps") -> 28 Laps | BC9: =CONCATENATE(CEILING(VLOOKUP(BA9, lengthDetails, 3, FALSE) / VLOOKUP(AX9, trackList, 5, FALSE), 1), " Laps") -> 23 Laps | BD9: =VLOOKUP(AX9, trackList, 9, FALSE) -> Chassis | BE9: =VLOOKUP(AX9, trackList, 10, FALSE) -> Aero | BF9: =VLOOKUP(AX9, trackList, 11, FALSE) -> Chassis | BI9: Silverstone | BJ9: Silverstone Circuit | BK9: United Kingdom | BL9: Road Course | BM9: 5.891 | BN9: 5 | BO9: 4 | BP9: 4 | BQ9: Aero | BR9: Aero | BS9: Engine | BV9: Race 2 | BW9: Uses Results of Q1 to form Grid, Less Points | BZ9: P5 | CA9: 4 | CB9: 10 | CC9: 8 | CF9: P5 | CG9: 12 | CH9: 8
B10: Project D Racing | C10: Reynard | D10: Toyota | E10: Michelin | G10: Beasty | N10: P6 | P10: 5 | Q10: 3 | T10: P6 | U10: 3 | V10: 8 | W10: 7 | Z10: P6 | AA10: 10 | AB10: 7 | AE10: P6 | AF10: 5 | AI10: E6 | AJ10: French Event | AK10: Magny-Cours | AL10: =VLOOKUP(AK10, trackList, 2, FALSE) -> Circuit de Magny-Cours Nevers | AM10: =VLOOKUP(AK10, trackList, 3, FALSE) -> France | AN10: =VLOOKUP(AK10, trackList, 4, FALSE) -> Road Course | AO10: =CONCATENATE(CEILING(VLOOKUP(AN10, lengthDetails, 2, FALSE) / VLOOKUP(AK10, trackList, 5, FALSE), 1), " Laps") -> 37 Laps | AP10: =CONCATENATE(CEILING(VLOOKUP(AN10, lengthDetails, 3, FALSE) / VLOOKUP(AK10, trackList, 5, FALSE), 1), " Laps") -> 30 Laps | AQ10: =VLOOKUP(AK10, trackList, 9, FALSE) -> Suspension | AR10: =VLOOKUP(AK10, trackList, 10, FALSE) -> Chassis | AS10: =VLOOKUP(AK10, trackList, 11, FALSE) -> Suspension | AV10: E6 | AW10: Motegi Event | AX10: Motegi Oval | AY10: =VLOOKUP(AX10, trackList, 2, FALSE) -> Twin Ring Motegi Oval | AZ10: =VLOOKUP(AX10, trackList, 3, FALSE) -> Japan | BA10: =VLOOKUP(AX10, trackList, 4, FALSE) -> Speedway | BB10: =CONCATENATE(CEILING(VLOOKUP(BA10, lengthDetails, 2, FALSE) / VLOOKUP(AX10, trackList, 5, FALSE), 1), " Laps") -> 121 Laps | BC10: =CONCATENATE(CEILING(VLOOKUP(BA10, lengthDetails, 3, FALSE) / VLOOKUP(AX10, trackList, 5, FALSE), 1), " Laps") -> 81 Laps | BD10: =VLOOKUP(AX10, trackList, 9, FALSE) -> Aero | BE10: =VLOOKUP(AX10, trackList, 10, FALSE) -> Aero | BF10: =VLOOKUP(AX10, trackList, 11, FALSE) -> Engine | BI10: Magny-Cours | BJ10: Circuit de Magny-Cours Nevers | BK10: France | BL10: Road Course | BM10: 4.411 | BN10: 2 | BO10: 3 | BP10: 3 | BQ10: Suspension | BR10: Chassis | BS10: Suspension | BZ10: P6 | CA10: 3 | CB10: 8 | CC10: 7 | CF10: P6 | CG10: 10 | CH10: 7
B11: Team Stellar | C11: March | D11: Honda | E11: Firestone | G11: Kevin | K11: Pirelli | N11: P7 | P11: 4 | Q11: 2 | T11: P7 | U11: 2 | V11: 6 | W11: 6 | Z11: P7 | AA11: 9 | AB11: 6 | AE11: P7 | AF11: 4 | AI11: E7 | AJ11: Monaco Event | AK11: Monaco | AL11: =VLOOKUP(AK11, trackList, 2, FALSE) -> Circuit de Monaco | AM11: =VLOOKUP(AK11, trackList, 3, FALSE) -> Monaco | AN11: =VLOOKUP(AK11, trackList, 4, FALSE) -> Street Course | AO11: =CONCATENATE(CEILING(VLOOKUP(AN11, lengthDetails, 2, FALSE) / VLOOKUP(AK11, trackList, 5, FALSE), 1), " Laps") -> 45 Laps | AP11: =CONCATENATE(CEILING(VLOOKUP(AN11, lengthDetails, 3, FALSE) / VLOOKUP(AK11, trackList, 5, FALSE), 1), " Laps") -> 38 Laps | AQ11: =VLOOKUP(AK11, trackList, 9, FALSE) -> Chassis | AR11: =VLOOKUP(AK11, trackList, 10, FALSE) -> Aero | AS11: =VLOOKUP(AK11, trackList, 11, FALSE) -> Chassis | AV11: E7 | AW11: Portuguese Event | AX11: Estoril | AY11: =VLOOKUP(AX11, trackList, 2, FALSE) -> Circuito do Estoril | AZ11: =VLOOKUP(AX11, trackList, 3, FALSE) -> Portugal | BA11: =VLOOKUP(AX11, trackList, 4, FALSE) -> Road Course | BB11: =CONCATENATE(CEILING(VLOOKUP(BA11, lengthDetails, 2, FALSE) / VLOOKUP(AX11, trackList, 5, FALSE), 1), " Laps") -> 39 Laps | BC11: =CONCATENATE(CEILING(VLOOKUP(BA11, lengthDetails, 3, FALSE) / VLOOKUP(AX11, trackList, 5, FALSE), 1), " Laps") -> 32 Laps | BD11: =VLOOKUP(AX11, trackList, 9, FALSE) -> Aero | BE11: =VLOOKUP(AX11, trackList, 10, FALSE) -> Chassis | BF11: =VLOOKUP(AX11, trackList, 11, FALSE) -> Engine | BI11: Nurburgring | BJ11: Nurburgring GP Circuit | BK11: Germany | BL11: Road Course | BM11: 5.148 | BN11: 3 | BO11: 3 | BP11: 3 | BQ11: Chassis | BR11: Aero | BS11: Chassis | BZ11: P7 | CA11: 2 | CB11: 6 | CC11: 6 | CF11: P7 | CG11: 9 | CH11: 6
B12: Sim Party Racing | C12: Lola | D12: Chevrolet | E12: Michelin | G12: Kebab | K12: Hankook | N12: P8 | P12: 3 | Q12: 1 | T12: P8 | U12: 1 | V12: 5 | W12: 5 | Z12: P8 | AA12: 8 | AB12: 5 | AE12: P8 | AF12: 3 | AI12: E8 | AJ12: German Event | AK12: Nurburgring | AL12: =VLOOKUP(AK12, trackList, 2, FALSE) -> Nurburgring GP Circuit | AM12: =VLOOKUP(AK12, trackList, 3, FALSE) -> Germany | AN12: =VLOOKUP(AK12, trackList, 4, FALSE) -> Road Course | AO12: =CONCATENATE(CEILING(VLOOKUP(AN12, lengthDetails, 2, FALSE) / VLOOKUP(AK12, trackList, 5, FALSE), 1), " Laps") -> 32 Laps | AP12: =CONCATENATE(CEILING(VLOOKUP(AN12, lengthDetails, 3, FALSE) / VLOOKUP(AK12, trackList, 5, FALSE), 1), " Laps") -> 26 Laps | AQ12: =VLOOKUP(AK12, trackList, 9, FALSE) -> Chassis | AR12: =VLOOKUP(AK12, trackList, 10, FALSE) -> Aero | AS12: =VLOOKUP(AK12, trackList, 11, FALSE) -> Chassis | AV12: E8 | AW12: Spanish Event | AX12: Jerez | AY12: =VLOOKUP(AX12, trackList, 2, FALSE) -> Circuito de Jerez Angel Nieto | AZ12: =VLOOKUP(AX12, trackList, 3, FALSE) -> Spain | BA12: =VLOOKUP(AX12, trackList, 4, FALSE) -> Road Course | BB12: =CONCATENATE(CEILING(VLOOKUP(BA12, lengthDetails, 2, FALSE) / VLOOKUP(AX12, trackList, 5, FALSE), 1), " Laps") -> 37 Laps | BC12: =CONCATENATE(CEILING(VLOOKUP(BA12, lengthDetails, 3, FALSE) / VLOOKUP(AX12, trackList, 5, FALSE), 1), " Laps") -> 30 Laps | BD12: =VLOOKUP(AX12, trackList, 9, FALSE) -> Chassis | BE12: =VLOOKUP(AX12, trackList, 10, FALSE) -> Chassis | BF12: =VLOOKUP(AX12, trackList, 11, FALSE) -> Suspension | BI12: Kyalami | BJ12: Kyalami Grand Prix Circuit | BK12: South Africa | BL12: Road Course | BM12: 4.529 | BN12: 2 | BO12: 4 | BP12: 4 | BQ12: Suspension | BR12: Chassis | BS12: Suspension | BV12: Junior Series Round Format | BZ12: P8 | CA12: 1 | CB12: 5 | CC12: 5 | CF12: P8 | CG12: 8 | CH12: 5
B13: Centurion Engineering | C13: Lola | D13: Porsche | E13: Michelin | G13: hopeless | N13: P9 | P13: 2 | T13: P9 | V13: 4 | W13: 4 | Z13: P9 | AA13: 7 | AB13: 4 | AE13: P9 | AF13: 2 | AI13: E9 | AJ13: British Event | AK13: Silverstone | AL13: =VLOOKUP(AK13, trackList, 2, FALSE) -> Silverstone Circuit | AM13: =VLOOKUP(AK13, trackList, 3, FALSE) -> United Kingdom | AN13: =VLOOKUP(AK13, trackList, 4, FALSE) -> Road Course | AO13: =CONCATENATE(CEILING(VLOOKUP(AN13, lengthDetails, 2, FALSE) / VLOOKUP(AK13, trackList, 5, FALSE), 1), " Laps") -> 28 Laps | AP13: =CONCATENATE(CEILING(VLOOKUP(AN13, lengthDetails, 3, FALSE) / VLOOKUP(AK13, trackList, 5, FALSE), 1), " Laps") -> 23 Laps | AQ13: =VLOOKUP(AK13, trackList, 9, FALSE) -> Aero | AR13: =VLOOKUP(AK13, trackList, 10, FALSE) -> Aero | AS13: =VLOOKUP(AK13, trackList, 11, FALSE) -> Engine | AV13: E9 | AW13: French Event | AX13: Magny-Cours | AY13: =VLOOKUP(AX13, trackList, 2, FALSE) -> Circuit de Magny-Cours Nevers | AZ13: =VLOOKUP(AX13, trackList, 3, FALSE) -> France | BA13: =VLOOKUP(AX13, trackList, 4, FALSE) -> Road Course | BB13: =CONCATENATE(CEILING(VLOOKUP(BA13, lengthDetails, 2, FALSE) / VLOOKUP(AX13, trackList, 5, FALSE), 1), " Laps") -> 37 Laps | BC13: =CONCATENATE(CEILING(VLOOKUP(BA13, lengthDetails, 3, FALSE) / VLOOKUP(AX13, trackList, 5, FALSE), 1), " Laps") -> 30 Laps | BD13: =VLOOKUP(AX13, trackList, 9, FALSE) -> Suspension | BE13: =VLOOKUP(AX13, trackList, 10, FALSE) -> Chassis | BF13: =VLOOKUP(AX13, trackList, 11, FALSE) -> Suspension | BI13: Interlagos | BJ13: Autodromo Jose Carlos Pace | BK13: Brazil | BL13: Road Course | BM13: 4.309 | BN13: 4 | BO13: 3 | BP13: 3 | BQ13: Chassis | BR13: Aero | BS13: Engine | BZ13: P9 | CA13: 0 | CB13: 4 | CC13: 4 | CF13: P9 | CG13: 7 | CH13: 4
B14: APR GP Racing | C14: Tatuus | D14: Toyota | E14: Firestone | G14: Brandon | N14: P10 | P14: 1 | T14: P10 | V14: 3 | W14: 3 | Z14: P10 | AA14: 6 | AB14: 3 | AE14: P10 | AF14: 1 | AI14: E10 | AJ14: Italian Event | AK14: Imola | AL14: =VLOOKUP(AK14, trackList, 2, FALSE) -> Imola Circuit | AM14: =VLOOKUP(AK14, trackList, 3, FALSE) -> Italy | AN14: =VLOOKUP(AK14, trackList, 4, FALSE) -> Road Course | AO14: =CONCATENATE(CEILING(VLOOKUP(AN14, lengthDetails, 2, FALSE) / VLOOKUP(AK14, trackList, 5, FALSE), 1), " Laps") -> 33 Laps | AP14: =CONCATENATE(CEILING(VLOOKUP(AN14, lengthDetails, 3, FALSE) / VLOOKUP(AK14, trackList, 5, FALSE), 1), " Laps") -> 27 Laps | AQ14: =VLOOKUP(AK14, trackList, 9, FALSE) -> Chassis | AR14: =VLOOKUP(AK14, trackList, 10, FALSE) -> Chassis | AS14: =VLOOKUP(AK14, trackList, 11, FALSE) -> Suspension | AV14: E10 | AW14: German Event | AX14: Nurburgring | AY14: =VLOOKUP(AX14, trackList, 2, FALSE) -> Nurburgring GP Circuit | AZ14: =VLOOKUP(AX14, trackList, 3, FALSE) -> Germany | BA14: =VLOOKUP(AX14, trackList, 4, FALSE) -> Road Course | BB14: =CONCATENATE(CEILING(VLOOKUP(BA14, lengthDetails, 2, FALSE) / VLOOKUP(AX14, trackList, 5, FALSE), 1), " Laps") -> 32 Laps | BC14: =CONCATENATE(CEILING(VLOOKUP(BA14, lengthDetails, 3, FALSE) / VLOOKUP(AX14, trackList, 5, FALSE), 1), " Laps") -> 26 Laps | BD14: =VLOOKUP(AX14, trackList, 9, FALSE) -> Chassis | BE14: =VLOOKUP(AX14, trackList, 10, FALSE) -> Aero | BF14: =VLOOKUP(AX14, trackList, 11, FALSE) -> Chassis | BI14: Daytona RC | BJ14: Daytona International Speedway RC | BK14: United States | BL14: Road Course | BM14: 5.729 | BN14: 5 | BO14: 2 | BP14: 2 | BQ14: Aero | BR14: Aero | BS14: Engine | BV14: Session | BW14: Details | BZ14: P10 | CA14: 0 | CB14: 3 | CC14: 3 | CF14: P10 | CG14: 6 | CH14: 3
N15: Pole | P15: 1 | T15: P11 | V15: 2 | W15: 2 | Z15: P11 | AA15: 5 | AB15: 2 | AE15: Pole | AF15: 3 | AI15: E11 | AJ15: Turkish Event | AK15: Istanbul | AL15: =VLOOKUP(AK15, trackList, 2, FALSE) -> Istanbul Park | AM15: =VLOOKUP(AK15, trackList, 3, FALSE) -> Turkiye | AN15: =VLOOKUP(AK15, trackList, 4, FALSE) -> Road Course | AO15: =CONCATENATE(CEILING(VLOOKUP(AN15, lengthDetails, 2, FALSE) / VLOOKUP(AK15, trackList, 5, FALSE), 1), " Laps") -> 30 Laps | AP15: =CONCATENATE(CEILING(VLOOKUP(AN15, lengthDetails, 3, FALSE) / VLOOKUP(AK15, trackList, 5, FALSE), 1), " Laps") -> 25 Laps | AQ15: =VLOOKUP(AK15, trackList, 9, FALSE) -> Aero | AR15: =VLOOKUP(AK15, trackList, 10, FALSE) -> Aero | AS15: =VLOOKUP(AK15, trackList, 11, FALSE) -> Engine | AV15: E11 | AW15: Italian Event | AX15: Mugello | AY15: =VLOOKUP(AX15, trackList, 2, FALSE) -> Autodromo Nazionale del Mugello | AZ15: =VLOOKUP(AX15, trackList, 3, FALSE) -> Italy | BA15: =VLOOKUP(AX15, trackList, 4, FALSE) -> Road Course | BB15: =CONCATENATE(CEILING(VLOOKUP(BA15, lengthDetails, 2, FALSE) / VLOOKUP(AX15, trackList, 5, FALSE), 1), " Laps") -> 31 Laps | BC15: =CONCATENATE(CEILING(VLOOKUP(BA15, lengthDetails, 3, FALSE) / VLOOKUP(AX15, trackList, 5, FALSE), 1), " Laps") -> 25 Laps | BD15: =VLOOKUP(AX15, trackList, 9, FALSE) -> Aero | BE15: =VLOOKUP(AX15, trackList, 10, FALSE) -> Aero | BF15: =VLOOKUP(AX15, trackList, 11, FALSE) -> Engine | BI15: Daytona | BJ15: Daytona International Speedway | BK15: United States | BL15: Speedway | BM15: 4.023 | BN15: 5 | BO15: 2 | BP15: 2 | BQ15: Aero | BR15: Aero | BS15: Engine | BV15: Practice | BW15: Single Session, provides Small Bonus | BZ15: P11 | CA15: 0 | CB15: 2 | CC15: 2 | CF15: P11 | CG15: 5 | CH15: 2
T16: P12 | V16: 1 | W16: 1 | Z16: P12 | AA16: 4 | AB16: 1 | AI16: E12 | AJ16: Japanese Event | AK16: Motegi Oval | AL16: =VLOOKUP(AK16, trackList, 2, FALSE) -> Twin Ring Motegi Oval | AM16: =VLOOKUP(AK16, trackList, 3, FALSE) -> Japan | AN16: =VLOOKUP(AK16, trackList, 4, FALSE) -> Speedway | AO16: =CONCATENATE(CEILING(VLOOKUP(AN16, lengthDetails, 2, FALSE) / VLOOKUP(AK16, trackList, 5, FALSE), 1), " Laps") -> 121 Laps | AP16: =CONCATENATE(CEILING(VLOOKUP(AN16, lengthDetails, 3, FALSE) / VLOOKUP(AK16, trackList, 5, FALSE), 1), " Laps") -> 81 Laps | AQ16: =VLOOKUP(AK16, trackList, 9, FALSE) -> Aero | AR16: =VLOOKUP(AK16, trackList, 10, FALSE) -> Aero | AS16: =VLOOKUP(AK16, trackList, 11, FALSE) -> Engine | AV16: E12 | AW16: Belgian Event | AX16: Spa | AY16: =VLOOKUP(AX16, trackList, 2, FALSE) -> Circuit de Spa-Francorshamps | AZ16: =VLOOKUP(AX16, trackList, 3, FALSE) -> Belgium | BA16: =VLOOKUP(AX16, trackList, 4, FALSE) -> Road Course | BB16: =CONCATENATE(CEILING(VLOOKUP(BA16, lengthDetails, 2, FALSE) / VLOOKUP(AX16, trackList, 5, FALSE), 1), " Laps") -> 23 Laps | BC16: =CONCATENATE(CEILING(VLOOKUP(BA16, lengthDetails, 3, FALSE) / VLOOKUP(AX16, trackList, 5, FALSE), 1), " Laps") -> 19 Laps | BD16: =VLOOKUP(AX16, trackList, 9, FALSE) -> Aero | BE16: =VLOOKUP(AX16, trackList, 10, FALSE) -> Aero | BF16: =VLOOKUP(AX16, trackList, 11, FALSE) -> Engine | BI16: Sepang | BJ16: Sepang International Circuit | BK16: Malaysia | BL16: Road Course | BM16: 5.543 | BN16: 4 | BO16: 4 | BP16: 4 | BQ16: Aero | BR16: Chassis | BS16: Engine | BV16: Qualifying | BW16: Every Driver gets a Single Lap, no Points | BZ16: P12 | CA16: 0 | CB16: 1 | CC16: 1 | CF16: P12 | CG16: 4 | CH16: 1
B17: Hunter Motorsport | C17: March | D17: Honda | E17: Firestone | T17: Pole | W17: 1 | Z17: P13 | AA17: 3 | AI17: E13 | AJ17: Singapore Event | AK17: Singapore | AL17: =VLOOKUP(AK17, trackList, 2, FALSE) -> Marina Bay Street Circuit | AM17: =VLOOKUP(AK17, trackList, 3, FALSE) -> Singapore | AN17: =VLOOKUP(AK17, trackList, 4, FALSE) -> Street Course | AO17: =CONCATENATE(CEILING(VLOOKUP(AN17, lengthDetails, 2, FALSE) / VLOOKUP(AK17, trackList, 5, FALSE), 1), " Laps") -> 31 Laps | AP17: =CONCATENATE(CEILING(VLOOKUP(AN17, lengthDetails, 3, FALSE) / VLOOKUP(AK17, trackList, 5, FALSE), 1), " Laps") -> 26 Laps | AQ17: =VLOOKUP(AK17, trackList, 9, FALSE) -> Suspension | AR17: =VLOOKUP(AK17, trackList, 10, FALSE) -> Aero | AS17: =VLOOKUP(AK17, trackList, 11, FALSE) -> Engine | AV17: E13 | AW17: European Event | AX17: Barcelona | AY17: =VLOOKUP(AX17, trackList, 2, FALSE) -> Circuit de Barcelona-Catalunya | AZ17: =VLOOKUP(AX17, trackList, 3, FALSE) -> Spain | BA17: =VLOOKUP(AX17, trackList, 4, FALSE) -> Road Course | BB17: =CONCATENATE(CEILING(VLOOKUP(BA17, lengthDetails, 2, FALSE) / VLOOKUP(AX17, trackList, 5, FALSE), 1), " Laps") -> 35 Laps | BC17: =CONCATENATE(CEILING(VLOOKUP(BA17, lengthDetails, 3, FALSE) / VLOOKUP(AX17, trackList, 5, FALSE), 1), " Laps") -> 28 Laps | BD17: =VLOOKUP(AX17, trackList, 9, FALSE) -> Chassis | BE17: =VLOOKUP(AX17, trackList, 10, FALSE) -> Chassis | BF17: =VLOOKUP(AX17, trackList, 11, FALSE) -> Engine | BI17: Spa | BJ17: Circuit de Spa-Francorshamps | BK17: Belgium | BL17: Road Course | BM17: 7.004 | BN17: 4 | BO17: 2 | BP17: 2 | BQ17: Aero | BR17: Aero | BS17: Engine | BV17: Race | BW17: Single Race, no Stops, Main Series R2 Points | BZ17: P13 | CA17: 0 | CB17: 0 | CC17: 0 | CF17: P13 | CG17: 3 | CH17: 0
B18: URT Motorsports | C18: March | D18: Toyota | E18: Pirelli | Z18: P14 | AA18: 2 | AI18: E14 | AJ18: Australian Event | AK18: Adelaide | AL18: =VLOOKUP(AK18, trackList, 2, FALSE) -> Adelaide Street Circuit | AM18: =VLOOKUP(AK18, trackList, 3, FALSE) -> Australia | AN18: =VLOOKUP(AK18, trackList, 4, FALSE) -> Street Course | AO18: =CONCATENATE(CEILING(VLOOKUP(AN18, lengthDetails, 2, FALSE) / VLOOKUP(AK18, trackList, 5, FALSE), 1), " Laps") -> 40 Laps | AP18: =CONCATENATE(CEILING(VLOOKUP(AN18, lengthDetails, 3, FALSE) / VLOOKUP(AK18, trackList, 5, FALSE), 1), " Laps") -> 34 Laps | AQ18: =VLOOKUP(AK18, trackList, 9, FALSE) -> Suspension | AR18: =VLOOKUP(AK18, trackList, 10, FALSE) -> Chassis | AS18: =VLOOKUP(AK18, trackList, 11, FALSE) -> Suspension | AV18: E14 | AW18: British Event | AX18: Silverstone | AY18: =VLOOKUP(AX18, trackList, 2, FALSE) -> Silverstone Circuit | AZ18: =VLOOKUP(AX18, trackList, 3, FALSE) -> United Kingdom | BA18: =VLOOKUP(AX18, trackList, 4, FALSE) -> Road Course | BB18: =CONCATENATE(CEILING(VLOOKUP(BA18, lengthDetails, 2, FALSE) / VLOOKUP(AX18, trackList, 5, FALSE), 1), " Laps") -> 28 Laps | BC18: =CONCATENATE(CEILING(VLOOKUP(BA18, lengthDetails, 3, FALSE) / VLOOKUP(AX18, trackList, 5, FALSE), 1), " Laps") -> 23 Laps | BD18: =VLOOKUP(AX18, trackList, 9, FALSE) -> Aero | BE18: =VLOOKUP(AX18, trackList, 10, FALSE) -> Aero | BF18: =VLOOKUP(AX18, trackList, 11, FALSE) -> Engine | BI18: Monza | BJ18: Autodromo Nazionale di Monza | BK18: Italy | BL18: Road Course | BM18: 5.793 | BN18: 4 | BO18: 2 | BP18: 2 | BQ18: Aero | BR18: Aero | BS18: Engine | BZ18: P14 | CA18: 0 | CB18: 0 | CC18: 0 | CF18: P14 | CG18: 2 | CH18: 0
Z19: P15 | AA19: 1 | AV19: E15 | AW19: Turkish Event | AX19: Istanbul | AY19: =VLOOKUP(AX19, trackList, 2, FALSE) -> Istanbul Park | AZ19: =VLOOKUP(AX19, trackList, 3, FALSE) -> Turkiye | BA19: =VLOOKUP(AX19, trackList, 4, FALSE) -> Road Course | BB19: =CONCATENATE(CEILING(VLOOKUP(BA19, lengthDetails, 2, FALSE) / VLOOKUP(AX19, trackList, 5, FALSE), 1), " Laps") -> 30 Laps | BC19: =CONCATENATE(CEILING(VLOOKUP(BA19, lengthDetails, 3, FALSE) / VLOOKUP(AX19, trackList, 5, FALSE), 1), " Laps") -> 25 Laps | BD19: =VLOOKUP(AX19, trackList, 9, FALSE) -> Aero | BE19: =VLOOKUP(AX19, trackList, 10, FALSE) -> Aero | BF19: =VLOOKUP(AX19, trackList, 11, FALSE) -> Engine | BI19: Hockenheim | BJ19: Hockenheimring | BK19: Germany | BL19: Road Course | BM19: 4.574 | BN19: 4 | BO19: 3 | BP19: 3 | BQ19: Chassis | BR19: Aero | BS19: Chassis | BZ19: P15 | CA19: 0 | CB19: 0 | CC19: 0 | CF19: P15 | CG19: 1 | CH19: 0
T20: Main Series Points System | Z20: Pole | AA20: 3 | AB20: 1 | AV20: E16 | AW20: Brazilian Event | AX20: Interlagos | AY20: =VLOOKUP(AX20, trackList, 2, FALSE) -> Autodromo Jose Carlos Pace | AZ20: =VLOOKUP(AX20, trackList, 3, FALSE) -> Brazil | BA20: =VLOOKUP(AX20, trackList, 4, FALSE) -> Road Course | BB20: =CONCATENATE(CEILING(VLOOKUP(BA20, lengthDetails, 2, FALSE) / VLOOKUP(AX20, trackList, 5, FALSE), 1), " Laps") -> 38 Laps | BC20: =CONCATENATE(CEILING(VLOOKUP(BA20, lengthDetails, 3, FALSE) / VLOOKUP(AX20, trackList, 5, FALSE), 1), " Laps") -> 31 Laps | BD20: =VLOOKUP(AX20, trackList, 9, FALSE) -> Chassis | BE20: =VLOOKUP(AX20, trackList, 10, FALSE) -> Aero | BF20: =VLOOKUP(AX20, trackList, 11, FALSE) -> Engine | BI20: CoTA | BJ20: Circuit of The Americas | BK20: United States | BL20: Road Course | BM20: 5.513 | BN20: 3 | BO20: 3 | BP20: 3 | BQ20: Chassis | BR20: Aero | BS20: Engine | BZ20: P16 | CA20: 0 | CB20: 0 | CC20: 0 | CF20: P16 | CG20: 0 | CH20: 0
AN21: Road Course | AO21: 160 | AP21: 130 | AV21: E17 | AW21: Mexican Event | AX21: Mexico City | AY21: =VLOOKUP(AX21, trackList, 2, FALSE) -> Autodromo Hermanos Rodriguez | AZ21: =VLOOKUP(AX21, trackList, 3, FALSE) -> Mexico | BA21: =VLOOKUP(AX21, trackList, 4, FALSE) -> Road Course | BB21: =CONCATENATE(CEILING(VLOOKUP(BA21, lengthDetails, 2, FALSE) / VLOOKUP(AX21, trackList, 5, FALSE), 1), " Laps") -> 38 Laps | BC21: =CONCATENATE(CEILING(VLOOKUP(BA21, lengthDetails, 3, FALSE) / VLOOKUP(AX21, trackList, 5, FALSE), 1), " Laps") -> 31 Laps | BD21: =VLOOKUP(AX21, trackList, 9, FALSE) -> Aero | BE21: =VLOOKUP(AX21, trackList, 10, FALSE) -> Aero | BF21: =VLOOKUP(AX21, trackList, 11, FALSE) -> Engine | BI21: Suzuka | BJ21: Suzuka Circuit | BK21: Japan | BL21: Road Course | BM21: 5.807 | BN21: 2 | BO21: 3 | BP21: 3 | BQ21: Chassis | BR21: Aero | BS21: Chassis | BV21: Aero | BZ21: P17 | CA21: 0 | CB21: 0 | CC21: 0 | CF21: P17 | CG21: 0 | CH21: 0
T22: Pos | U22: Q | V22: R1 | W22: R2 | AN22: Street Course | AO22: 150 | AP22: 125 | AV22: E18 | AW22: American Event | AX22: Long Beach | AY22: =VLOOKUP(AX22, trackList, 2, FALSE) -> Streets of Long Beach | AZ22: =VLOOKUP(AX22, trackList, 3, FALSE) -> United States | BA22: =VLOOKUP(AX22, trackList, 4, FALSE) -> Street Course | BB22: =CONCATENATE(CEILING(VLOOKUP(BA22, lengthDetails, 2, FALSE) / VLOOKUP(AX22, trackList, 5, FALSE), 1), " Laps") -> 48 Laps | BC22: =CONCATENATE(CEILING(VLOOKUP(BA22, lengthDetails, 3, FALSE) / VLOOKUP(AX22, trackList, 5, FALSE), 1), " Laps") -> 40 Laps | BD22: =VLOOKUP(AX22, trackList, 9, FALSE) -> Chassis | BE22: =VLOOKUP(AX22, trackList, 10, FALSE) -> Aero | BF22: =VLOOKUP(AX22, trackList, 11, FALSE) -> Chassis | BI22: Fuji | BJ22: Fuji Speedway | BK22: Japan | BL22: Road Course | BM22: 4.563 | BN22: 3 | BO22: 4 | BP22: 2 | BQ22: Aero | BR22: Aero | BS22: Engine | BV22: Chassis | BZ22: P18 | CA22: 0 | CB22: 0 | CC22: 0 | CF22: P18 | CG22: 0 | CH22: 0
T23: P1 | U23: 10 | V23: 25 | W23: 15 | AN23: Short Oval | AO23: 300 | AP23: 200 | AV23: E19 | AW23: Indianapolis Event | AX23: Indianapolis | AY23: =VLOOKUP(AX23, trackList, 2, FALSE) -> Indianapolis Motor Speedway | AZ23: =VLOOKUP(AX23, trackList, 3, FALSE) -> United States | BA23: =VLOOKUP(AX23, trackList, 4, FALSE) -> Speedway | BB23: =CONCATENATE(CEILING(VLOOKUP(BA23, lengthDetails, 2, FALSE) / VLOOKUP(AX23, trackList, 5, FALSE), 1), " Laps") -> 75 Laps | BC23: =CONCATENATE(CEILING(VLOOKUP(BA23, lengthDetails, 3, FALSE) / VLOOKUP(AX23, trackList, 5, FALSE), 1), " Laps") -> 50 Laps | BD23: =VLOOKUP(AX23, trackList, 9, FALSE) -> Aero | BE23: =VLOOKUP(AX23, trackList, 10, FALSE) -> Aero | BF23: =VLOOKUP(AX23, trackList, 11, FALSE) -> Engine | BI23: Barcelona | BJ23: Circuit de Barcelona-Catalunya | BK23: Spain | BL23: Road Course | BM23: 4.657 | BN23: 3 | BO23: 3 | BP23: 4 | BQ23: Chassis | BR23: Chassis | BS23: Engine | BV23: Susp | BZ23: P19 | CA23: 0 | CB23: 0 | CC23: 0 | CF23: P19 | CG23: 0 | CH23: 0
T24: P2 | U24: 8 | V24: 18 | W24: 12 | AN24: Speedway | AO24: 300 | AP24: 200 | AV24: E20 | AW24: TDS13 Finale | AX24: Daytona | AY24: =VLOOKUP(AX24, trackList, 2, FALSE) -> Daytona International Speedway | AZ24: =VLOOKUP(AX24, trackList, 3, FALSE) -> United States | BA24: =VLOOKUP(AX24, trackList, 4, FALSE) -> Speedway | BB24: =CONCATENATE(CEILING(VLOOKUP(BA24, lengthDetails, 2, FALSE) / VLOOKUP(AX24, trackList, 5, FALSE), 1), " Laps") -> 75 Laps | BC24: =CONCATENATE(CEILING(VLOOKUP(BA24, lengthDetails, 3, FALSE) / VLOOKUP(AX24, trackList, 5, FALSE), 1), " Laps") -> 50 Laps | BD24: =VLOOKUP(AX24, trackList, 9, FALSE) -> Aero | BE24: =VLOOKUP(AX24, trackList, 10, FALSE) -> Aero | BF24: =VLOOKUP(AX24, trackList, 11, FALSE) -> Engine | BI24: Istanbul | BJ24: Istanbul Park | BK24: Turkiye | BL24: Road Course | BM24: 5.338 | BN24: 3 | BO24: 3 | BP24: 3 | BQ24: Aero | BR24: Aero | BS24: Engine | BV24: Engine | BZ24: P20 | CA24: 0 | CB24: 0 | CC24: 0 | CF24: P20 | CG24: 0 | CH24: 0
T25: P3 | U25: 6 | V25: 15 | W25: 10 | BI25: Singapore | BJ25: Marina Bay Street Circuit | BK25: Singapore | BL25: Street Course | BM25: 4.927 | BN25: 1 | BO25: 2 | BP25: 2 | BQ25: Suspension | BR25: Aero | BS25: Engine | BZ25: P21 | CA25: 0 | CB25: 0 | CC25: 0 | CF25: P21 | CG25: 0 | CH25: 0
T26: P4 | U26: 5 | V26: 12 | W26: 8 | AO26: =4.023 * 95 -> 382.185 | BI26: Dubai | BJ26: Dubai Autodrome | BK26: UAE | BL26: Road Course | BM26: 5.39 | BN26: 5 | BO26: 4 | BP26: 3 | BQ26: Chassis | BR26: Chassis | BS26: Engine | BZ26: P22 | CA26: 0 | CB26: 0 | CC26: 0 | CF26: P22 | CG26: 0 | CH26: 0
T27: P5 | U27: 4 | V27: 10 | W27: 6 | BI27: Monaco | BJ27: Circuit de Monaco | BK27: Monaco | BL27: Street Course | BM27: 3.37 | BN27: 1 | BO27: 1 | BP27: 1 | BQ27: Chassis | BR27: Aero | BS27: Chassis | BZ27: P23 | CA27: 0 | CB27: 0 | CC27: 0 | CF27: P23 | CG27: 0 | CH27: 0
T28: P6 | U28: 3 | V28: 8 | W28: 5 | AN28: Road Course | AO28: 200 | AP28: 165 | BI28: Long Beach | BJ28: Streets of Long Beach | BK28: United States | BL28: Street Course | BM28: 3.167 | BN28: 1 | BO28: 1 | BP28: 1 | BQ28: Chassis | BR28: Aero | BS28: Chassis | BZ28: P24 | CA28: 0 | CB28: 0 | CC28: 0 | CF28: P24 | CG28: 0 | CH28: 0
B29: He has no idea what he is doing Junior Series | T29: P7 | U29: 2 | V29: 6 | W29: 4 | AN29: Street Course | AO29: 195 | AP29: 160 | BI29: Imola | BJ29: Imola Circuit | BK29: Italy | BL29: Road Course | BM29: 4.909 | BN29: 2 | BO29: 2 | BP29: 3 | BQ29: Chassis | BR29: Chassis | BS29: Suspension | BZ29: P25 | CA29: 0 | CB29: 0 | CC29: 0 | CF29: P25 | CG29: 0 | CH29: 0
T30: P8 | U30: 1 | V30: 5 | W30: 3 | AN30: Short Oval | AO30: 300 | AP30: 215 | BI30: Phoenix | BJ30: Phoenix Raceway | BK30: United States | BL30: Short Oval | BM30: 2.414 | BN30: 1 | BO30: 1 | BP30: 1 | BQ30: Suspension | BR30: Aero | BS30: Engine | BZ30: P26 | CA30: 0 | CB30: 0 | CC30: 0 | CF30: P26 | CG30: 0 | CH30: 0
B31: Team Name | C31: Chassis | D31: Engine | E31: Tyres | T31: P9 | V31: 4 | W31: 2 | AN31: Speedway | AO31: 300 | AP31: 215 | BI31: Gateway | BJ31: WorldWide Technology Raceway | BK31: United States | BL31: Short Oval | BM31: 2.012 | BN31: 1 | BO31: 1 | BP31: 1 | BQ31: Aero | BR31: Aero | BS31: Chassis | BZ31: P27 | CA31: 0 | CB31: 0 | CC31: 0 | CF31: P27 | CG31: 0 | CH31: 0
B32: Junior Series Team 1 | C32: Dallara | E32: Michelin | T32: P10 | V32: 3 | W32: 1 | BI32: Texas | BJ32: Texas Motor Speedway | BK32: United States | BL32: Speedway | BM32: 2.414 | BN32: 1 | BO32: 1 | BP32: 1 | BQ32: Aero | BR32: Aero | BS32: Engine | BZ32: P28 | CA32: 0 | CB32: 0 | CC32: 0 | CF32: P28 | CG32: 0 | CH32: 0
B33: Junior Series Team 2 | C33: Dallara | E33: Michelin | T33: P11 | V33: 2 | BI33: Arlington | BJ33: Streets of Arlington | BK33: United States | BL33: Street Course | BM33: 4.368 | BN33: 1 | BO33: 1 | BP33: 3 | BQ33: Suspension | BR33: Aero | BS33: Engine | BZ33: P29 | CA33: 0 | CB33: 0 | CC33: 0 | CF33: P29 | CG33: 0 | CH33: 0
B34: Junior Series Team 3 | C34: Dallara | E34: Michelin | T34: P12 | V34: 1 | BI34: Indianapolis | BJ34: Indianapolis Motor Speedway | BK34: United States | BL34: Speedway | BM34: 4.023 | BN34: 1 | BO34: 1 | BP34: 1 | BQ34: Aero | BR34: Aero | BS34: Engine | BZ34: P30 | CA34: 0 | CB34: 0 | CC34: 0 | CF34: P30 | CG34: 0 | CH34: 0
B35: Junior Series Team 4 | C35: Dallara | E35: Michelin | BI35: IMS Road | BJ35: Indianapolis Motor Speedway RC | BK35: United States | BL35: Road Course | BM35: 3.923 | BN35: 3 | BO35: 2 | BP35: 2 | BQ35: Suspension | BR35: Aero | BS35: Engine | BZ35: P- | CA35: 0 | CB35: 0 | CC35: 0 | CF35: P- | CG35: 0 | CH35: 0
B36: Junior Series Team 5 | C36: Dallara | E36: Michelin | BI36: Shanghai | BJ36: Shanghai International Circuit | BK36: China | BL36: Road Course | BM36: 5.451 | BN36: 4 | BO36: 3 | BP36: 2 | BQ36: Aero | BR36: Aero | BS36: Engine | BZ36: PWDN | CA36: 0 | CB36: 0 | CC36: 0 | CF36: PWDN | CG36: 0 | CH36: 0
B37: Junior Series Team 6 | C37: Dallara | E37: Michelin | T37: Main Series Points System | BI37: Motegi RC | BJ37: Twin Ring Motegi Road Course | BK37: Japan | BL37: Road Course | BM37: 4.801 | BQ37: Chassis | BR37: Aero | BS37: Engine | BZ37: PDNF | CA37: 0 | CB37: 0 | CC37: 0 | CF37: PDNF | CG37: 0 | CH37: 0
B38: Junior Series Team 7 | C38: Dallara | E38: Michelin | BI38: Motegi Oval | BJ38: Twin Ring Motegi Oval | BK38: Japan | BL38: Speedway | BM38: 2.493 | BQ38: Aero | BR38: Aero | BS38: Engine | BZ38: PNC | CA38: 0 | CB38: 0 | CC38: 0 | CF38: PNC | CG38: 0 | CH38: 0
B39: Junior Series Team 8 | C39: Dallara | E39: Michelin | T39: Pos | U39: Q | V39: R1 | W39: R2 | BI39: Portimao | BJ39: Algarve International Circuit | BK39: Portugal | BL39: Road Course | BM39: 4.653 | BQ39: Aero | BR39: Aero | BS39: Engine | BZ39: PDNS | CA39: 0 | CB39: 0 | CC39: 0 | CF39: PDNS | CG39: 0 | CH39: 0
B40: Junior Series Team 9 | C40: Dallara | E40: Michelin | T40: P1 | U40: 10 | V40: 25 | W40: 15 | BI40: Estoril | BJ40: Circuito do Estoril | BK40: Portugal | BL40: Road Course | BM40: 4.182 | BQ40: Aero | BR40: Chassis | BS40: Engine | BZ40: PDSQ | CA40: 0 | CB40: 0 | CC40: 0 | CF40: PDSQ | CG40: 0 | CH40: 0
B41: Junior Series Team 10 | C41: Dallara | E41: Michelin | T41: P2 | U41: 8 | V41: 18 | W41: 12 | BI41: Mexico City | BJ41: Autodromo Hermanos Rodriguez | BK41: Mexico | BL41: Road Course | BM41: 4.304 | BQ41: Aero | BR41: Aero | BS41: Engine | BZ41: PEXC | CA41: 0 | CB41: 0 | CC41: 0 | CF41: PEXC | CG41: 0 | CH41: 0
T42: P3 | U42: 6 | V42: 15 | W42: 10 | BI42: Rockingham RC | BJ42: Rockingham Motor Speedway RC | BK42: United Kingdom | BL42: Road Course | BM42: 3.299 | BQ42: Aero | BR42: Chassis | BS42: Engine | BZ42: PDNQ | CA42: 0 | CB42: 0 | CC42: 0 | CF42: PDNQ | CG42: 0 | CH42: 0
T43: P4 | U43: 5 | V43: 12 | W43: 9 | BI43: Rockingham | BJ43: Rockingham Motor Speedway | BK43: United Kingdom | BL43: Speedway | BM43: 2.38 | BQ43: Aero | BR43: Aero | BS43: Engine
T44: P5 | U44: 4 | V44: 10 | W44: 8
T45: P6 | U45: 3 | V45: 8 | W45: 7
T46: P7 | U46: 2 | V46: 6 | W46: 6
T47: P8 | U47: 1 | V47: 5 | W47: 5
T48: P9 | V48: 4 | W48: 4
T49: P10 | V49: 3 | W49: 3
T50: P11 | V50: 2 | W50: 2
T51: P12 | V51: 1 | W51: 1
T52: Pole | W52: 1

Sheet Lineups
B2: TDS12
B3: Team Lineups
B4: Driver Name | C4: Car No | D4: Team Name | E4: Spine | F4: Engine | G4: Tyres
B5: Kimi Antonelli | C5: #4 | D5: =IF(Start!B8 <> "", Start!B8, "") -> Blue Flag Racing | E5: =IF(Start!C8 <> "", Start!C8, "") -> Reynard | F5: =IF(Start!D8 <> "", Start!D8, "") -> Honda | G5: =IF(Start!E8 <> "", Start!E8, "") -> Firestone | J5: #4 | M5: #4
B6: Arvid Lindblad | C6: #20 | J6: #20
B7: Dino Beganovic | C7: #69 | J7: #69
B8: Isack Hadjar | C8: RES | J8: RES
B9: Jamie Chadwick | C9: #18 | D9: =IF(Start!B11 <> "", Start!B11, "") -> Team Stellar | E9: =IF(Start!C11 <> "", Start!C11, "") -> March | F9: =IF(Start!D11 <> "", Start!D11, "") -> Honda | G9: =IF(Start!E11 <> "", Start!E11, "") -> Firestone | J9: #18
B10: Chloe Chambers | C10: #14 | J10: #14
B11: Aurelia Nobels | C11: #22 | J11: #22
B12: Maya Weug | C12: RES | J12: RES
B13: Victor Martins | C13: #30 | D13: =IF(Start!B14 <> "", Start!B14, "") -> APR GP Racing | E13: =IF(Start!C14 <> "", Start!C14, "") -> Tatuus | F13: =IF(Start!D14 <> "", Start!D14, "") -> Toyota | G13: =IF(Start!E14 <> "", Start!E14, "") -> Firestone | J13: #30
B14: Doriane Pin | C14: #28 | J14: #28
B15: Dan Ticktum | C15: #29 | J15: #29
B16: Ugo Ugochukwu | C16: RES | J16: RES
B17: Lando Norris | C17: #24 | D17: =IF(Start!B7 <> "", Start!B7, "") -> Super Corby Racing | E17: =IF(Start!C7 <> "", Start!C7, "") -> Tatuus | F17: =IF(Start!D7 <> "", Start!D7, "") -> Porsche | G17: =IF(Start!E7 <> "", Start!E7, "") -> Michelin | J17: #24
B18: David Malukas | C18: #5 | J18: #5
B19: Oscar Piastri | C19: #27 | J19: #27
B20: Pato O'Ward | C20: #25 | J20: #25
B21: Alex Dunne | C21: RES | J21: RES
B22: Christian Lundgaard | C22: #8 | D22: =IF(Start!B5 <> "", Start!B5, "") -> Bruh Racing | E22: =IF(Start!C5 <> "", Start!C5, "") -> Lola | F22: =IF(Start!D5 <> "", Start!D5, "") -> Chevrolet | G22: =IF(Start!E5 <> "", Start!E5, "") -> Pirelli | J22: #8
B23: Rinus VeeKay | C23: #7 | J23: #7
B24: Tuukka Taponen | C24: #9 | J24: #9
B25: Oliver Goethe | C25: RES | J25: RES
B26: Colton Herta | C26: #101 | D26: =IF(Start!B6 <> "", Start!B6, "") -> Tactically Perfect Racing | E26: =IF(Start!C6 <> "", Start!C6, "") -> Tatuus | F26: =IF(Start!D6 <> "", Start!D6, "") -> Porsche | G26: =IF(Start!E6 <> "", Start!E6, "") -> Michelin | J26: #101
B27: George Russell | C27: #100 | J27: #100
B28: Theo Pourchaire | C28: #102 | J28: #102
B29: Gabriel Bortoleto | C29: RES | J29: RES
B30: Yuki Tsunoda | C30: #97 | D30: =IF(Start!B9 <> "", Start!B9, "") -> 98-99 Racing | E30: =IF(Start!C9 <> "", Start!C9, "") -> March | F30: =IF(Start!D9 <> "", Start!D9, "") -> Porsche | G30: =IF(Start!E9 <> "", Start!E9, "") -> Pirelli | J30: #97
B31: Ayumu Iwasa | C31: #98 | J31: #98
B32: Kyffin Simpson | C32: #99 | J32: #99
B33: Sacha Fenestraz | C33: RES | J33: RES
B34: Kyle Kirkwood | C34: #12 | D34: =IF(Start!B13 <> "", Start!B13, "") -> Centurion Engineering | E34: =IF(Start!C13 <> "", Start!C13, "") -> Lola | F34: =IF(Start!D13 <> "", Start!D13, "") -> Porsche | G34: =IF(Start!E13 <> "", Start!E13, "") -> Michelin | J34: #12
B35: Alex Palou | C35: #10 | J35: #10
B36: Abbi Pulling | C36: #11 | J36: #11
B37: Marta Garcia | C37: RES | J37: RES
B38: Callum Ilott | C38: #90 | D38: =IF(Start!B10 <> "", Start!B10, "") -> Project D Racing | E38: =IF(Start!C10 <> "", Start!C10, "") -> Reynard | F38: =IF(Start!D10 <> "", Start!D10, "") -> Toyota | G38: =IF(Start!E10 <> "", Start!E10, "") -> Michelin | J38: #90
B39: Ritomo Miyata | C39: #92 | J39: #92
B40: Hunter McElrea | C40: #91 | J40: #91
B41: Marcus Armstrong | C41: RES | J41: RES
B42: Charles Leclerc | C42: #16 | D42: =IF(Start!B12 <> "", Start!B12, "") -> Sim Party Racing | E42: =IF(Start!C12 <> "", Start!C12, "") -> Lola | F42: =IF(Start!D12 <> "", Start!D12, "") -> Chevrolet | G42: =IF(Start!E12 <> "", Start!E12, "") -> Michelin | J42: #16
B43: Alexander Albon | C43: #23 | J43: #23
B44: Mick Schumacher | C44: #47 | J44: #47
B45: Oliver Bearman | C45: RES | J45: RES

Sheet Drivers
B2: Driver List | H2: Available Drivers
B4: Driver Name | C4: Driver Score | D4: Crash Score | E4: Deg Score | H4: Formula 1 + Formula E | I4: Formula 2 | J4: F3 + F1A | K4: IndyCar | L4: WEC, NXT + Misc | O4: Retiring Drivers | R4: Retiring Drivers | U4: Retiring Drivers | X4: Retiring Drivers
B5: Jack Doohan | C5: 94 | D5: 3 | E5: 4 | H5: Jack Doohan | I5: Leonardo Fornaroli | J5: Noah Stromsted | K5: David Malukas | L5: Mick Schumacher | O5: Scott Dixon | R5: Robert Kubica | U5: Felix Rosenqvist | X5: Pierre Gasly
B6: Franco Colapinto | C6: 96 | D6: 2 | E6: 2 | H6: Franco Colapinto | I6: Roman Stanek | J6: Rafael Camara | K6: Santino Ferrucci | L6: Myles Rowe | O6: Kamui Kobayashi | R6: Marcus Ericsson | U6: Carlos Sainz Jr | X6: Toby Sowery
B7: Charles Leclerc | C7: 100 | D7: 1 | E7: 1 | H7: Charles Leclerc | I7: Pepe Marti | J7: Laurens van Hoepen | K7: Colton Herta | L7: Dennis Hauger | O7: Lewis Hamilton | R7: Jean-Eric Vergne | U7: Tristan Vautier | X7: Nico Muller
B8: Oliver Bearman | C8: 100 | D8: 1 | E8: 1 | H8: Oliver Bearman | I8: Arvid Lindblad | J8: Tuukka Taponen | K8: Kyle Kirkwood | L8: James Roe | O8: Will Power | R8: Robin Frijns | U8: Lance Stroll | X8: Max Verstappen
B9: Lando Norris | C9: 100 | D9: 1 | E9: 1 | H9: Lando Norris | I9: Oliver Goethe | J9: Mari Boya | K9: Pato O'Ward | L9: Josh Pierson | O9: Sebastien Bourdais | R9: Brendon Hartley | U9: Mitch Evans | X9: Edoardo Mortara
B10: Oscar Piastri | C10: 100 | D10: 1 | E10: 1 | H10: Oscar Piastri | I10: Richard Verschoor | J10: Martinius Stenshorne | K10: Nolan Siegel | L10: Caio Collet | O10: Jenson Button | R10: Josef Newgarden | U10: Nick Cassidy | X10: Pascal Wehrlein
B11: Kimi Antonelli | C11: 100 | D11: 2 | E11: 1 | H11: Kimi Antonelli | I11: Luke Browning | J11: Bruno del Pino | K11: Christian Lundgaard | L11: Marta Garcia | O11: Valtteri Bottas | R11: Scott McLaughlin | X11: Stoffel Vandoorne
B12: George Russell | C12: 100 | D12: 1 | E12: 1 | H12: George Russell | I12: Dino Beganovic | J12: Alessandro Giusti | K12: Kyffin Simpson | L12: Abbi Pulling | O12: Fernando Alonso | R12: Alexander Rossi | X12: Esteban Ocon
B13: Isack Hadjar | C13: 99 | D13: 1 | E13: 3 | H13: Isack Hadjar | I13: Gabriele Mini | J13: Callum Voisin | K13: Alex Palou | L13: Jamie Chadwick | O13: Graham Rahal | R13: Antonio Felix da Costa | X13: Norman Nato
B14: Liam Lawson | C14: 97 | D14: 2 | E14: 3 | H14: Liam Lawson | I14: Jak Crawford | J14: Louis Sharp | K14: Rinus VeeKay | L14: Theo Pourchaire | O14: Marco Andretti | R14: Sebastien Buemi | X14: Oliver Rowland
B15: Yuki Tsunoda | C15: 100 | D15: 1 | E15: 2 | H15: Yuki Tsunoda | I15: Victor Martins | J15: Roman Bilinski | K15: Jacob Abel | L15: Hunter McElrea | O15: Ryan Hunter-Reay | R15: Kevin Magnussen | X15: Nyck de Vries
B16: Gabriel Bortoleto | C16: 98 | D16: 1 | E16: 4 | H16: Gabriel Bortoleto | I16: Ritomo Miyata | J16: Freddie Slater | K16: Christian Rasmussen | L16: Sacha Fenestraz | O16: Jack Harvey | R16: Katherine Legge | X16: Jake Dennis
B17: Alexander Albon | C17: 98 | D17: 1 | E17: 2 | H17: Alexander Albon | I17: Alex Dunne | J17: Ugo Ugochukwu | K17: Sting Ray Robb | L17: Zak O'Sullivan | O17: Helio Castroneves | R17: Conor Daly | X17: Ryo Hirakawa
B18: Leonardo Fornaroli | C18: 96 | D18: 1 | E18: 2 | H18: Jake Hughes | I18: Joshua Durksen | J18: Charlie Wurz | K18: Marcus Armstrong | L18: Kakunoshin Ohta | O18: Takuma Sato
B19: Roman Stanek | C19: 94 | D19: 2 | E19: 3 | H19: David Beckmann | I19: Rafael Villagomez | J19: Doriane Pin | K19: Robert Shwartzman | L19: Nirei Fukuzumi | O19: Daniel Ricciardo
B20: Pepe Marti | C20: 93 | D20: 2 | E20: 3 | H20: Dan Ticktum | J20: Maya Weug | K20: Callum Ilott | L20: Ayumu Iwasa
B21: Arvid Lindblad | C21: 97 | D21: 2 | E21: 2 | H21: Taylor Barnard | J21: Chloe Chambers | K21: Devlin DeFrancesco | L21: Oliver Rasmussen
B22: Oliver Goethe | C22: 95 | D22: 1 | E22: 2 | H22: Maximilian Gunther | J22: Aurelia Nobels | K22: Louis Foster
B23: Richard Verschoor | C23: 97 | D23: 1 | E23: 2 | H23: Zane Maloney
B24: Luke Browning | C24: 97 | D24: 3 | E24: 3
B25: Dino Beganovic | C25: 96 | D25: 2 | E25: 2
B26: Gabriele Mini | C26: 97 | D26: 2 | E26: 2
B27: Jak Crawford | C27: 96 | D27: 2 | E27: 3
B28: Victor Martins | C28: 99 | D28: 1 | E28: 2
B29: Ritomo Miyata | C29: 99 | D29: 1 | E29: 1
B30: Alex Dunne | C30: 97 | D30: 4 | E30: 2
B31: Joshua Durksen | C31: 95 | D31: 2 | E31: 3
B32: Rafael Villagomez | C32: 94 | D32: 3 | E32: 4
B33: Noah Stromsted | C33: 95 | D33: 2 | E33: 4
B34: Rafael Camara | C34: 97 | D34: 2 | E34: 2
B35: Laurens van Hoepen | C35: 95 | D35: 2 | E35: 2
... B91: Oliver Rasmussen | C91: 98 | D91: 2 | E91: 2

Sheet Stats
B2: TDS12 | H2: TDS12 | N2: TDS12 | Q2: TDS12 | V2: TDS12 | AH2: TDS12 | AT2: TDS12 | BB2: TDS12 | BK2: TDS12 | BP2: TDS12 | BW2: TDS12
B3: Team Stats | H3: Team Average OVR | N3: Team Reliability | Q3: Team Tyre Wear | V3: Team Name | W3: Team Score | X3: Setup Scores | AB3: Total Score | AH3: Team Car Performance | AT3: Aerodynamic Performance | BB3: Chassis | BC3: Chassis | BD3: Suspension | BF3: OVR | BG3: Tyre Wear | BH3: Reliability | BK3: Component Scores | BP3: Engine Performances | BW3: Tyre Performances | CB3: Driver 1 | CG3: Driver 2 | CL3: Driver 3 | CR3: Driver 4 | CW3: Reserve
B4: Team Name | C4: Spine | D4: Engine | E4: Tyres | H4: Car | I4: Team | J4: Driver AVG | K4: Overall | N4: Team | Q4: Car | R4: Team | S4: Overall | X4: Aero | Y4: Chassis | Z4: Front Sus | AA4: Rear Sus | AE4: Setup | AH4: Team Name | AI4: Aero | AJ4: Chassis | AK4: Susp | AL4: Aero | AM4: Chassis | AN4: Susp | AO4: Engine | AP4: Tyres | AQ4: OVR | AT4: Team Name | AU4: Front | AV4: Rear | AW4: Floor | AX4: Sidepods | AY4: OVR | BD4: Front | BE4: Rear | BK4: Supplier | BL4: Chassis | BM4: Suspension | BP4: Engine | BQ4: Engine | BR4: Hybrid | BS4: OVR | BT4: Reliability | BW4: Tyres | BX4: Tyres | BY4: Deg | CB4: Driver Name | CC4: Score | CD4: Crash | CE4: Deg | CG4: Driver Name | CH4: Score | CI4: Crash | CJ4: Deg | CL4: Driver Name | CM4: Score | CN4: Crash | CO4: Deg | CR4: Driver Name | CS4: Score | CT4: Crash | CU4: Deg | CW4: Driver Name | CX4: Score | CY4: Crash | CZ4: Deg
B5: =IF(Start!B5 <> "", Start!B5, "") -> Bruh Racing | C5: =IF(Start!C5 <> "", Start!C5, "") -> Lola | D5: =IF(Start!D5 <> "", Start!D5, "") -> Chevrolet | E5: =IF(Start!E5 <> "", Start!E5, "") -> Pirelli | H5: =AQ5 -> 692 | I5: =W5 -> 101 | J5: =ROUND((CC5 + CH5 + CM5) / 3, 1) -> 98.7 | K5: =SUM(H5:I5) -> 793 | N5: 14 | Q5: =IF(OR(IF(C5 = "", TRUE, FALSE), IF(E5 = "", TRUE, FALSE)), 0, VLOOKUP(C5, chassisStatsNew, 6, TRUE) + VLOOKUP(E5, tyreStatsNew, 3, FALSE)) -> 3 | R5: 2 | S5: =Q5 + R5 -> 5 | V5: =B5 -> Bruh Racing | W5: 101 | X5: 7 | Y5: 7 | Z5: 7 | AA5: 3 | AB5: =SUM(W5:AA5) -> 125 | AE5: =SUM(X5:AA5) -> 24 | AH5: =B5 -> Bruh Racing | AI5: =X5 -> 7 | AJ5: =Y5 -> 7 | AK5: =SUM(Z5:AA5) -> 10 | AL5: =AY5 -> 133 | AM5: =IF(C5 <> "", VLOOKUP(C5, chassisStatsNew, 2, FALSE), 0) -> 100 | AN5: =IF(C5 <> "", VLOOKUP(C5, chassisStatsNew, 3, FALSE) + VLOOKUP(C5, chassisStatsNew, 4, FALSE), 0) -> 113 | AO5: =IF(D5 <> "", VLOOKUP(D5, engineStatsNew, 4, FALSE), 0) -> 216 | AP5: =IF(E5 <> "", VLOOKUP(E5, tyreStatsNew, 2, FALSE), 0) -> 106 | AQ5: =SUM(AI5:AP5) -> 692 | AT5: =B5 -> Bruh Racing | AU5: 36 | AV5: 28 | AW5: 44 | AX5: 25 | AY5: =SUM(AU5:AX5) -> 133 | BB5: Lola | BC5: 100 | BD5: 53 | BE5: 60 | BF5: =SUM(BC5:BE5) -> 213 | BG5: 2 | BH5: 75 | BK5: Lola | BL5: =BC5 -> 100 | BM5: =SUM(BD5:BE5) -> 113 | BP5: Chevrolet | BQ5: 109 | BR5: 107 | BS5: =SUM(BQ5:BR5) -> 216 | BT5: 75 | BW5: Firestone | BX5: 107 | BY5: 1 | CB5: =IF(Lineups!B22 <> "", Lineups!B22, "") -> Christian Lundgaard | CC5: =IF(OR(IF(CB5 = "", TRUE, FALSE), IF(CB5 = "-", TRUE, FALSE)) = FALSE, VLOOKUP(CB5, driverStats, 2, FALSE), 0) -> 100 | CD5: =IF(OR(IF(CB5 = "", TRUE, FALSE), IF(CB5 = "-", TRUE, FALSE)) = FALSE, VLOOKUP(CB5, driverStats, 3, FALSE), "") -> 2 | CE5: =IF(OR(IF(CB5 = "", TRUE, FALSE), IF(CB5 = "-", TRUE, FALSE)) = FALSE, VLOOKUP(CB5, driverStats, 4, FALSE), "") -> 2 | CG5: =IF(Lineups!B23 <> "", Lineups!B23, "") -> Rinus VeeKay | CH5: =IF(OR(IF(CG5 = "", TRUE, FALSE), IF(CG5 = "-", TRUE, FALSE)) = FALSE, VLOOKUP(CG5, driverStats, 2, FALSE), 0) -> 100 | CI5: =IF(OR(IF(CG5 = "", TRUE, FALSE), IF(CG5 = "-", TRUE, FALSE)) = FALSE, VLOOKUP(CG5, driverStats, 3, FALSE), "") -> 2 | CJ5: =IF(OR(IF(CG5 = "", TRUE, FALSE), IF(CG5 = "-", TRUE, FALSE)) = FALSE, VLOOKUP(CG5, driverStats, 4, FALSE), "") -> 2 | CL5: =IF(Lineups!B24 <> "", Lineups!B24, "") -> Tuukka Taponen | CM5: =IF(OR(IF(CL5 = "", TRUE, FALSE), IF(CL5 = "-", TRUE, FALSE)) = FALSE, VLOOKUP(CL5, driverStats, 2, FALSE), 0) -> 96 | CN5: =IF(OR(IF(CL5 = "", TRUE, FALSE), IF(CL5 = "-", TRUE, FALSE)) = FALSE, VLOOKUP(CL5, driverStats, 3, FALSE), "") -> 2 | CO5: =IF(OR(IF(CL5 = "", TRUE, FALSE), IF(CL5 = "-", TRUE, FALSE)) = FALSE, VLOOKUP(CL5, driverStats, 4, FALSE), "") -> 2 | CS5: =IF(OR(IF(CR5 = "", TRUE, FALSE), IF(CR5 = "-", TRUE, FALSE)) = FALSE, VLOOKUP(CR5, driverStats, 2, FALSE), 0) -> 0 | CT5: =IF(OR(IF(CR5 = "", TRUE, FALSE), IF(CR5 = "-", TRUE, FALSE)) = FALSE, VLOOKUP(CR5, driverStats, 3, FALSE), "") | CU5: =IF(OR(IF(CR5 = "", TRUE, FALSE), IF(CR5 = "-", TRUE, FALSE)) = FALSE, VLOOKUP(CR5, driverStats, 4, FALSE), "") | CW5: =IF(Lineups!B25 <> "", Lineups!B25, "") -> Oliver Goethe | CX5: =IF(OR(IF(CW5 = "", TRUE, FALSE), IF(CW5 = "-", TRUE, FALSE)) = FALSE, VLOOKUP(CW5, driverStats, 2, FALSE), 0) -> 95 | CY5: =IF(OR(IF(CW5 = "", TRUE, FALSE), IF(CW5 = "-", TRUE, FALSE)) = FALSE, VLOOKUP(CW5, driverStats, 3, FALSE), "") -> 1 | CZ5: =IF(OR(IF(CW5 = "", TRUE, FALSE), IF(CW5 = "-", TRUE, FALSE)) = FALSE, VLOOKUP(CW5, driverStats, 4, FALSE), "") -> 2
B6: =IF(Start!B6 <> "", Start!B6, "") -> Tactically Perfect Racing | C6: =IF(Start!C6 <> "", Start!C6, "") -> Tatuus | D6: =IF(Start!D6 <> "", Start!D6, "") -> Porsche | E6: =IF(Start!E6 <> "", Start!E6, "") -> Michelin | H6: =AQ6 -> 689 | I6: =W6 -> 104 | J6: =ROUND((CC6 + CH6 + CM6) / 3, 1) -> 99.7 | K6: =SUM(H6:I6) -> 793 | N6: 15 | Q6: =IF(OR(IF(C6 = "", TRUE, FALSE), IF(E6 = "", TRUE, FALSE)), 0, VLOOKUP(C6, chassisStatsNew, 6, TRUE) + VLOOKUP(E6, tyreStatsNew, 3, FALSE)) -> 2 | R6: 1 | S6: =Q6 + R6 -> 3 | V6: =B6 -> Tactically Perfect Racing | W6: 104 | X6: 7 | Y6: 3 | Z6: 3 | AA6: 8 | AB6: =SUM(W6:AA6) -> 125 | AE6: =SUM(X6:AA6) -> 21 | AH6: =B6 -> Tactically Perfect Racing | AI6: =X6 -> 7 | AJ6: =Y6 -> 3 | AK6: =SUM(Z6:AA6) -> 11 | AL6: =AY6 -> 133 | AM6: =IF(C6 <> "", VLOOKUP(C6, chassisStatsNew, 2, FALSE), 0) -> 97 | AN6: =IF(C6 <> "", VLOOKUP(C6, chassisStatsNew, 3, FALSE) + VLOOKUP(C6, chassisStatsNew, 4, FALSE), 0) -> 115 | AO6: =IF(D6 <> "", VLOOKUP(D6, engineStatsNew, 4, FALSE), 0) -> 217 | AP6: =IF(E6 <> "", VLOOKUP(E6, tyreStatsNew, 2, FALSE), 0) -> 106 | AQ6: =SUM(AI6:AP6) -> 689 | AT6: =B6 -> Tactically Perfect Racing | AU6: 33 | AV6: 33 | AW6: 43 | AX6: 24 | AY6: =SUM(AU6:AX6) -> 133 | BB6: March | BC6: 97 | BD6: 59 | BE6: 58 | BF6: =SUM(BC6:BE6) -> 214 | BG6: 2 | BH6: 72 | BK6: March | BL6: =BC6 -> 97 | BM6: =SUM(BD6:BE6) -> 117 | BP6: Honda | BQ6: 111 | BR6: 108 | BS6: =SUM(BQ6:BR6) -> 219 | BT6: 74 | BW6: Pirelli | BX6: 106 | BY6: 1 | CB6: =IF(Lineups!B26 <> "", Lineups!B26, "") -> Colton Herta | CC6: =IF(OR(IF(CB6 = "", TRUE, FALSE), IF(CB6 = "-", TRUE, FALSE)) = FALSE, VLOOKUP(CB6, driverStats, 2, FALSE), 0) -> 100 | CD6: =IF(OR(IF(CB6 = "", TRUE, FALSE), IF(CB6 = "-", TRUE, FALSE)) = FALSE, VLOOKUP(CB6, driverStats, 3, FALSE), "") -> 1 | CE6: =IF(OR(IF(CB6 = "", TRUE, FALSE), IF(CB6 = "-", TRUE, FALSE)) = FALSE, VLOOKUP(CB6, driverStats, 4, FALSE), "") -> 1 | CG6: =IF(Lineups!B27 <> "", Lineups!B27, "") -> George Russell | CH6: =IF(OR(IF(CG6 = "", TRUE, FALSE), IF(CG6 = "-", TRUE, FALSE)) = FALSE, VLOOKUP(CG6, driverStats, 2, FALSE), 0) -> 100 | CI6: =IF(OR(IF(CG6 = "", TRUE, FALSE), IF(CG6 = "-", TRUE, FALSE)) = FALSE, VLOOKUP(CG6, driverStats, 3, FALSE), "") -> 1 | CJ6: =IF(OR(IF(CG6 = "", TRUE, FALSE), IF(CG6 = "-", TRUE, FALSE)) = FALSE, VLOOKUP(CG6, driverStats, 4, FALSE), "") -> 1 | CL6: =IF(Lineups!B28 <> "", Lineups!B28, "") -> Theo Pourchaire | CM6: =IF(OR(IF(CL6 = "", TRUE, FALSE), IF(CL6 = "-", TRUE, FALSE)) = FALSE, VLOOKUP(CL6, driverStats, 2, FALSE), 0) -> 99 | CN6: =IF(OR(IF(CL6 = "", TRUE, FALSE), IF(CL6 = "-", TRUE, FALSE)) = FALSE, VLOOKUP(CL6, driverStats, 3, FALSE), "") -> 2 | CO6: =IF(OR(IF(CL6 = "", TRUE, FALSE), IF(CL6 = "-", TRUE, FALSE)) = FALSE, VLOOKUP(CL6, driverStats, 4, FALSE), "") -> 2 | CS6: =IF(OR(IF(CR6 = "", TRUE, FALSE), IF(CR6 = "-", TRUE, FALSE)) = FALSE, VLOOKUP(CR6, driverStats, 2, FALSE), 0) -> 0 | CT6: =IF(OR(IF(CR6 = "", TRUE, FALSE), IF(CR6 = "-", TRUE, FALSE)) = FALSE, VLOOKUP(CR6, driverStats, 3, FALSE), "") | CU6: =IF(OR(IF(CR6 = "", TRUE, FALSE), IF(CR6 = "-", TRUE, FALSE)) = FALSE, VLOOKUP(CR6, driverStats, 4, FALSE), "") | CW6: =IF(Lineups!B29 <> "", Lineups!B29, "") -> Gabriel Bortoleto | CX6: =IF(OR(IF(CW6 = "", TRUE, FALSE), IF(CW6 = "-", TRUE, FALSE)) = FALSE, VLOOKUP(CW6, driverStats, 2, FALSE), 0) -> 98 | CY6: =IF(OR(IF(CW6 = "", TRUE, FALSE), IF(CW6 = "-", TRUE, FALSE)) = FALSE, VLOOKUP(CW6, driverStats, 3, FALSE), "") -> 1 | CZ6: =IF(OR(IF(CW6 = "", TRUE, FALSE), IF(CW6 = "-", TRUE, FALSE)) = FALSE, VLOOKUP(CW6, driverStats, 4, FALSE), "") -> 4
B7: =IF(Start!B7 <> "", Start!B7, "") -> Super Corby Racing | C7: =IF(Start!C7 <> "", Start!C7, "") -> Tatuus | D7: =IF(Start!D7 <> "", Start!D7, "") -> Porsche | E7: =IF(Start!E7 <> "", Start!E7, "") -> Michelin | H7: =AQ7 -> 691 | I7: =W7 -> 99 | J7: =ROUND((CC7 + CH7 + CM7 + CM8) / 4, 1) -> 99 | K7: =SUM(H7:I7) -> 790 | N7: 12 | Q7: =IF(OR(IF(C7 = "", TRUE, FALSE), IF(E7 = "", TRUE, FALSE)), 0, VLOOKUP(C7, chassisStatsNew, 6, TRUE) + VLOOKUP(E7, tyreStatsNew, 3, FALSE)) -> 2 | R7: 2 | S7: =Q7 + R7 -> 4 | V7: =B7 -> Super Corby Racing | W7: 99 | X7: 5 | Y7: 8 | Z7: 7 | AA7: 3 | AB7: =SUM(W7:AA7) -> 122 | AE7: =SUM(X7:AA7) -> 23 | AH7: =B7 -> Super Corby Racing | AI7: =X7 -> 5 | AJ7: =Y7 -> 8 | AK7: =SUM(Z7:AA7) -> 10 | AL7: =AY7 -> 133 | AM7: =IF(C7 <> "", VLOOKUP(C7, chassisStatsNew, 2, FALSE), 0) -> 97 | AN7: =IF(C7 <> "", VLOOKUP(C7, chassisStatsNew, 3, FALSE) + VLOOKUP(C7, chassisStatsNew, 4, FALSE), 0) -> 115 | AO7: =IF(D7 <> "", VLOOKUP(D7, engineStatsNew, 4, FALSE), 0) -> 217 | AP7: =IF(E7 <> "", VLOOKUP(E7, tyreStatsNew, 2, FALSE), 0) -> 106 | AQ7: =SUM(AI7:AP7) -> 691 | AT7: =B7 -> Super Corby Racing | AU7: 33 | AV7: 29 | AW7: 43 | AX7: 28 | AY7: =SUM(AU7:AX7) -> 133 | BB7: Reynard | BC7: 98 | BD7: 55 | BE7: 58 | BF7: =SUM(BC7:BE7) -> 211 | BG7: 2 | BH7: 74 | BK7: Reynard | BL7: =BC7 -> 98 | BM7: =SUM(BD7:BE7) -> 113 | BP7: Porsche | BQ7: 108 | BR7: 109 | BS7: =SUM(BQ7:BR7) -> 217 | BT7: 72 | BW7: Michelin | BX7: 106 | BY7: 1 | CB7: =IF(Lineups!B17 <> "", Lineups!B17, "") -> Lando Norris | CC7: =IF(OR(IF(CB7 = "", TRUE, FALSE), IF(CB7 = "-", TRUE, FALSE)) = FALSE, VLOOKUP(CB7, driverStats, 2, FALSE), 0) -> 100 | CD7: =IF(OR(IF(CB7 = "", TRUE, FALSE), IF(CB7 = "-", TRUE, FALSE)) = FALSE, VLOOKUP(CB7, driverStats, 3, FALSE), "") -> 1 | CE7: =IF(OR(IF(CB7 = "", TRUE, FALSE), IF(CB7 = "-", TRUE, FALSE)) = FALSE, VLOOKUP(CB7, driverStats, 4, FALSE), "") -> 1 | CG7: =IF(Lineups!B18 <> "", Lineups!B18, "") -> David Malukas | CH7: =IF(OR(IF(CG7 = "", TRUE, FALSE), IF(CG7 = "-", TRUE, FALSE)) = FALSE, VLOOKUP(CG7, driverStats, 2, FALSE), 0) -> 100 | CI7: =IF(OR(IF(CG7 = "", TRUE, FALSE), IF(CG7 = "-", TRUE, FALSE)) = FALSE, VLOOKUP(CG7, driverStats, 3, FALSE), "") -> 1 | CJ7: =IF(OR(IF(CG7 = "", TRUE, FALSE), IF(CG7 = "-", TRUE, FALSE)) = FALSE, VLOOKUP(CG7, driverStats, 4, FALSE), "") -> 1 | CL7: =IF(Lineups!B19 <> "", Lineups!B19, "") -> Oscar Piastri | CM7: =IF(OR(IF(CL7 = "", TRUE, FALSE), IF(CL7 = "-", TRUE, FALSE)) = FALSE, VLOOKUP(CL7, driverStats, 2, FALSE), 0) -> 100 | CN7: =IF(OR(IF(CL7 = "", TRUE, FALSE), IF(CL7 = "-", TRUE, FALSE)) = FALSE, VLOOKUP(CL7, driverStats, 3, FALSE), "") -> 1 | CO7: =IF(OR(IF(CL7 = "", TRUE, FALSE), IF(CL7 = "-", TRUE, FALSE)) = FALSE, VLOOKUP(CL7, driverStats, 4, FALSE), "") -> 1 | CR7: =IF(Lineups!B20 <> "", Lineups!B20, "") -> Pato O'Ward | CS7: =IF(OR(IF(CR7 = "", TRUE, FALSE), IF(CR7 = "-", TRUE, FALSE)) = FALSE, VLOOKUP(CR7, driverStats, 2, FALSE), 0) -> 100 | CT7: =IF(OR(IF(CR7 = "", TRUE, FALSE), IF(CR7 = "-", TRUE, FALSE)) = FALSE, VLOOKUP(CR7, driverStats, 3, FALSE), "") -> 2 | CU7: =IF(OR(IF(CR7 = "", TRUE, FALSE), IF(CR7 = "-", TRUE, FALSE)) = FALSE, VLOOKUP(CR7, driverStats, 4, FALSE), "") -> 1 | CW7: =IF(Lineups!B21 <> "", Lineups!B21, "") -> Alex Dunne | CX7: =IF(OR(IF(CW7 = "", TRUE, FALSE), IF(CW7 = "-", TRUE, FALSE)) = FALSE, VLOOKUP(CW7, driverStats, 2, FALSE), 0) -> 97 | CY7: =IF(OR(IF(CW7 = "", TRUE, FALSE), IF(CW7 = "-", TRUE, FALSE)) = FALSE, VLOOKUP(CW7, driverStats, 3, FALSE), "") -> 4 | CZ7: =IF(OR(IF(CW7 = "", TRUE, FALSE), IF(CW7 = "-", TRUE, FALSE)) = FALSE, VLOOKUP(CW7, driverStats, 4, FALSE), "") -> 2
B8: =IF(Start!B8 <> "", Start!B8, "") -> Blue Flag Racing | C8: =IF(Start!C8 <> "", Start!C8, "") -> Reynard | D8: =IF(Start!D8 <> "", Start!D8, "") -> Honda | E8: =IF(Start!E8 <> "", Start!E8, "") -> Firestone | H8: =AQ8 -> 699 | I8: =W8 -> 102 | J8: =ROUND((CC8 + CH8 + CM8) / 3, 1) -> 97.7 | K8: =SUM(H8:I8) -> 801 | N8: 14 | Q8: =IF(OR(IF(C8 = "", TRUE, FALSE), IF(E8 = "", TRUE, FALSE)), 0, VLOOKUP(C8, chassisStatsNew, 6, TRUE) + VLOOKUP(E8, tyreStatsNew, 3, FALSE)) -> 3 | R8: 3 | S8: =Q8 + R8 -> 6 | V8: =B8 -> Blue Flag Racing | W8: 102 | X8: 9 | Y8: 8 | Z8: 5 | AA8: 5 | AB8: =SUM(W8:AA8) -> 129 | AE8: =SUM(X8:AA8) -> 27 | AH8: =B8 -> Blue Flag Racing | AI8: =X8 -> 9 | AJ8: =Y8 -> 8 | AK8: =SUM(Z8:AA8) -> 10 | AL8: =AY8 -> 135 | AM8: =IF(C8 <> "", VLOOKUP(C8, chassisStatsNew, 2, FALSE), 0) -> 98 | AN8: =IF(C8 <> "", VLOOKUP(C8, chassisStatsNew, 3, FALSE) + VLOOKUP(C8, chassisStatsNew, 4, FALSE), 0) -> 113 | AO8: =IF(D8 <> "", VLOOKUP(D8, engineStatsNew, 4, FALSE), 0) -> 219 | AP8: =IF(E8 <> "", VLOOKUP(E8, tyreStatsNew, 2, FALSE), 0) -> 107 | AQ8: =SUM(AI8:AP8) -> 699 | AT8: =B8 -> Blue Flag Racing | AU8: 32 | AV8: 32 | AW8: 43 | AX8: 28 | AY8: =SUM(AU8:AX8) -> 135 | BB8: Tatuus | BC8: 97 | BD8: 59 | BE8: 56 | BF8: =SUM(BC8:BE8) -> 212 | BG8: 1 | BH8: 72 | BK8: Tatuus | BL8: =BC8 -> 97 | BM8: =SUM(BD8:BE8) -> 115 | BP8: Toyota | BQ8: 107 | BR8: 108 | BS8: =SUM(BQ8:BR8) -> 215 | BT8: 74 | CB8: =IF(Lineups!B5 <> "", Lineups!B5, "") -> Kimi Antonelli | CC8: =IF(OR(IF(CB8 = "", TRUE, FALSE), IF(CB8 = "-", TRUE, FALSE)) = FALSE, VLOOKUP(CB8, driverStats, 2, FALSE), 0) -> 100 | CD8: =IF(OR(IF(CB8 = "", TRUE, FALSE), IF(CB8 = "-", TRUE, FALSE)) = FALSE, VLOOKUP(CB8, driverStats, 3, FALSE), "") -> 2 | CE8: =IF(OR(IF(CB8 = "", TRUE, FALSE), IF(CB8 = "-", TRUE, FALSE)) = FALSE, VLOOKUP(CB8, driverStats, 4, FALSE), "") -> 1 | CG8: =IF(Lineups!B6 <> "", Lineups!B6, "") -> Arvid Lindblad | CH8: =IF(OR(IF(CG8 = "", TRUE, FALSE), IF(CG8 = "-", TRUE, FALSE)) = FALSE, VLOOKUP(CG8, driverStats, 2, FALSE), 0) -> 97 | CI8: =IF(OR(IF(CG8 = "", TRUE, FALSE), IF(CG8 = "-", TRUE, FALSE)) = FALSE, VLOOKUP(CG8, driverStats, 3, FALSE), "") -> 2 | CJ8: =IF(OR(IF(CG8 = "", TRUE, FALSE), IF(CG8 = "-", TRUE, FALSE)) = FALSE, VLOOKUP(CG8, driverStats, 4, FALSE), "") -> 2 | CL8: =IF(Lineups!B7 <> "", Lineups!B7, "") -> Dino Beganovic | CM8: =IF(OR(IF(CL8 = "", TRUE, FALSE), IF(CL8 = "-", TRUE, FALSE)) = FALSE, VLOOKUP(CL8, driverStats, 2, FALSE), 0) -> 96 | CN8: =IF(OR(IF(CL8 = "", TRUE, FALSE), IF(CL8 = "-", TRUE, FALSE)) = FALSE, VLOOKUP(CL8, driverStats, 3, FALSE), "") -> 2 | CO8: =IF(OR(IF(CL8 = "", TRUE, FALSE), IF(CL8 = "-", TRUE, FALSE)) = FALSE, VLOOKUP(CL8, driverStats, 4, FALSE), "") -> 2 | CS8: =IF(OR(IF(CR8 = "", TRUE, FALSE), IF(CR8 = "-", TRUE, FALSE)) = FALSE, VLOOKUP(CR8, driverStats, 2, FALSE), 0) -> 0 | CT8: =IF(OR(IF(CR8 = "", TRUE, FALSE), IF(CR8 = "-", TRUE, FALSE)) = FALSE, VLOOKUP(CR8, driverStats, 3, FALSE), "") | CU8: =IF(OR(IF(CR8 = "", TRUE, FALSE), IF(CR8 = "-", TRUE, FALSE)) = FALSE, VLOOKUP(CR8, driverStats, 4, FALSE), "") | CW8: =IF(Lineups!B8 <> "", Lineups!B8, "") -> Isack Hadjar | CX8: =IF(OR(IF(CW8 = "", TRUE, FALSE), IF(CW8 = "-", TRUE, FALSE)) = FALSE, VLOOKUP(CW8, driverStats, 2, FALSE), 0) -> 99 | CY8: =IF(OR(IF(CW8 = "", TRUE, FALSE), IF(CW8 = "-", TRUE, FALSE)) = FALSE, VLOOKUP(CW8, driverStats, 3, FALSE), "") -> 1 | CZ8: =IF(OR(IF(CW8 = "", TRUE, FALSE), IF(CW8 = "-", TRUE, FALSE)) = FALSE, VLOOKUP(CW8, driverStats, 4, FALSE), "") -> 3
B9: =IF(Start!B9 <> "", Start!B9, "") -> 98-99 Racing | C9: =IF(Start!C9 <> "", Start!C9, "") -> March | D9: =IF(Start!D9 <> "", Start!D9, "") -> Porsche | E9: =IF(Start!E9 <> "", Start!E9, "") -> Pirelli | H9: =AQ9 -> 694 | I9: =W9 -> 98 | J9: =ROUND((CC9 + CH9 + CM9) / 3, 1) -> 99 | K9: =SUM(H9:I9) -> 792 | N9: =RANDBETWEEN(12, 15) -> 15 | Q9: =IF(OR(IF(C9 = "", TRUE, FALSE), IF(E9 = "", TRUE, FALSE)), 0, VLOOKUP(C9, chassisStatsNew, 6, TRUE) + VLOOKUP(E9, tyreStatsNew, 3, FALSE)) -> 3 | R9: 3 | S9: =Q9 + R9 -> 6 | V9: =B9 -> 98-99 Racing | W9: 98 | X9: 6 | Y9: 4 | Z9: 7 | AA9: 7 | AB9: =SUM(W9:AA9) -> 122 | AE9: =SUM(X9:AA9) -> 24 | AH9: =B9 -> 98-99 Racing | AI9: =X9 -> 6 | AJ9: =Y9 -> 4 | AK9: =SUM(Z9:AA9) -> 14 | AL9: =AY9 -> 133 | AM9: =IF(C9 <> "", VLOOKUP(C9, chassisStatsNew, 2, FALSE), 0) -> 97 | AN9: =IF(C9 <> "", VLOOKUP(C9, chassisStatsNew, 3, FALSE) + VLOOKUP(C9, chassisStatsNew, 4, FALSE), 0) -> 117 | AO9: =IF(D9 <> "", VLOOKUP(D9, engineStatsNew, 4, FALSE), 0) -> 217 | AP9: =IF(E9 <> "", VLOOKUP(E9, tyreStatsNew, 2, FALSE), 0) -> 106 | AQ9: =SUM(AI9:AP9) -> 694 | AT9: =B9 -> 98-99 Racing | AU9: 31 | AV9: 32 | AW9: 44 | AX9: 26 | AY9: =SUM(AU9:AX9) -> 133 | CB9: =IF(Lineups!B30 <> "", Lineups!B30, "") -> Yuki Tsunoda | CC9: =IF(OR(IF(CB9 = "", TRUE, FALSE), IF(CB9 = "-", TRUE, FALSE)) = FALSE, VLOOKUP(CB9, driverStats, 2, FALSE), 0) -> 100 | CD9: =IF(OR(IF(CB9 = "", TRUE, FALSE), IF(CB9 = "-", TRUE, FALSE)) = FALSE, VLOOKUP(CB9, driverStats, 3, FALSE), "") -> 1 | CE9: =IF(OR(IF(CB9 = "", TRUE, FALSE), IF(CB9 = "-", TRUE, FALSE)) = FALSE, VLOOKUP(CB9, driverStats, 4, FALSE), "") -> 2 | CG9: =IF(Lineups!B31 <> "", Lineups!B31, "") -> Ayumu Iwasa | CH9: =IF(OR(IF(CG9 = "", TRUE, FALSE), IF(CG9 = "-", TRUE, FALSE)) = FALSE, VLOOKUP(CG9, driverStats, 2, FALSE), 0) -> 99 | CI9: =IF(OR(IF(CG9 = "", TRUE, FALSE), IF(CG9 = "-", TRUE, FALSE)) = FALSE, VLOOKUP(CG9, driverStats, 3, FALSE), "") -> 1 | CJ9: =IF(OR(IF(CG9 = "", TRUE, FALSE), IF(CG9 = "-", TRUE, FALSE)) = FALSE, VLOOKUP(CG9, driverStats, 4, FALSE), "") -> 2 | CL9: =IF(Lineups!B32 <> "", Lineups!B32, "") -> Kyffin Simpson | CM9: =IF(OR(IF(CL9 = "", TRUE, FALSE), IF(CL9 = "-", TRUE, FALSE)) = FALSE, VLOOKUP(CL9, driverStats, 2, FALSE), 0) -> 98 | CN9: =IF(OR(IF(CL9 = "", TRUE, FALSE), IF(CL9 = "-", TRUE, FALSE)) = FALSE, VLOOKUP(CL9, driverStats, 3, FALSE), "") -> 2 | CO9: =IF(OR(IF(CL9 = "", TRUE, FALSE), IF(CL9 = "-", TRUE, FALSE)) = FALSE, VLOOKUP(CL9, driverStats, 4, FALSE), "") -> 3 | CS9: =IF(OR(IF(CR9 = "", TRUE, FALSE), IF(CR9 = "-", TRUE, FALSE)) = FALSE, VLOOKUP(CR9, driverStats, 2, FALSE), 0) -> 0 | CT9: =IF(OR(IF(CR9 = "", TRUE, FALSE), IF(CR9 = "-", TRUE, FALSE)) = FALSE, VLOOKUP(CR9, driverStats, 3, FALSE), "") | CU9: =IF(OR(IF(CR9 = "", TRUE, FALSE), IF(CR9 = "-", TRUE, FALSE)) = FALSE, VLOOKUP(CR9, driverStats, 4, FALSE), "") | CW9: =IF(Lineups!B33 <> "", Lineups!B33, "") -> Sacha Fenestraz | CX9: =IF(OR(IF(CW9 = "", TRUE, FALSE), IF(CW9 = "-", TRUE, FALSE)) = FALSE, VLOOKUP(CW9, driverStats, 2, FALSE), 0) -> 98 | CY9: =IF(OR(IF(CW9 = "", TRUE, FALSE), IF(CW9 = "-", TRUE, FALSE)) = FALSE, VLOOKUP(CW9, driverStats, 3, FALSE), "") -> 2 | CZ9: =IF(OR(IF(CW9 = "", TRUE, FALSE), IF(CW9 = "-", TRUE, FALSE)) = FALSE, VLOOKUP(CW9, driverStats, 4, FALSE), "") -> 2
B10: =IF(Start!B10 <> "", Start!B10, "") -> Project D Racing | C10: =IF(Start!C10 <> "", Start!C10, "") -> Reynard | D10: =IF(Start!D10 <> "", Start!D10, "") -> Toyota | E10: =IF(Start!E10 <> "", Start!E10, "") -> Michelin | H10: =AQ10 -> 685 | I10: =W10 -> 102 | J10: =ROUND((CC10 + CH10 + CM10) / 3, 1) -> 99 | K10: =SUM(H10:I10) -> 787 | N10: 15 | Q10: =IF(OR(IF(C10 = "", TRUE, FALSE), IF(E10 = "", TRUE, FALSE)), 0, VLOOKUP(C10, chassisStatsNew, 6, TRUE) + VLOOKUP(E10, tyreStatsNew, 3, FALSE)) -> 3 | R10: 2 | S10: =Q10 + R10 -> 5 | V10: =B10 -> Project D Racing | W10: 102 | X10: 2 | Y10: 7 | Z10: 8 | AA10: 3 | AB10: =SUM(W10:AA10) -> 122 | AE10: =SUM(X10:AA10) -> 20 | AH10: =B10 -> Project D Racing | AI10: =X10 -> 2 | AJ10: =Y10 -> 7 | AK10: =SUM(Z10:AA10) -> 11 | AL10: =AY10 -> 133 | AM10: =IF(C10 <> "", VLOOKUP(C10, chassisStatsNew, 2, FALSE), 0) -> 98 | AN10: =IF(C10 <> "", VLOOKUP(C10, chassisStatsNew, 3, FALSE) + VLOOKUP(C10, chassisStatsNew, 4, FALSE), 0) -> 113 | AO10: =IF(D10 <> "", VLOOKUP(D10, engineStatsNew, 4, FALSE), 0) -> 215 | AP10: =IF(E10 <> "", VLOOKUP(E10, tyreStatsNew, 2, FALSE), 0) -> 106 | AQ10: =SUM(AI10:AP10) -> 685 | AT10: =B10 -> Project D Racing | AU10: 31 | AV10: 30 | AW10: 44 | AX10: 28 | AY10: =SUM(AU10:AX10) -> 133 | CB10: =IF(Lineups!B38 <> "", Lineups!B38, "") -> Callum Ilott | CC10: =IF(OR(IF(CB10 = "", TRUE, FALSE), IF(CB10 = "-", TRUE, FALSE)) = FALSE, VLOOKUP(CB10, driverStats, 2, FALSE), 0) -> 100 | CD10: =IF(OR(IF(CB10 = "", TRUE, FALSE), IF(CB10 = "-", TRUE, FALSE)) = FALSE, VLOOKUP(CB10, driverStats, 3, FALSE), "") -> 2 | CE10: =IF(OR(IF(CB10 = "", TRUE, FALSE), IF(CB10 = "-", TRUE, FALSE)) = FALSE, VLOOKUP(CB10, driverStats, 4, FALSE), "") -> 1 | CG10: =IF(Lineups!B39 <> "", Lineups!B39, "") -> Ritomo Miyata | CH10: =IF(OR(IF(CG10 = "", TRUE, FALSE), IF(CG10 = "-", TRUE, FALSE)) = FALSE, VLOOKUP(CG10, driverStats, 2, FALSE), 0) -> 99 | CI10: =IF(OR(IF(CG10 = "", TRUE, FALSE), IF(CG10 = "-", TRUE, FALSE)) = FALSE, VLOOKUP(CG10, driverStats, 3, FALSE), "") -> 1 | CJ10: =IF(OR(IF(CG10 = "", TRUE, FALSE), IF(CG10 = "-", TRUE, FALSE)) = FALSE, VLOOKUP(CG10, driverStats, 4, FALSE), "") -> 1 | CL10: =IF(Lineups!B40 <> "", Lineups!B40, "") -> Hunter McElrea | CM10: =IF(OR(IF(CL10 = "", TRUE, FALSE), IF(CL10 = "-", TRUE, FALSE)) = FALSE, VLOOKUP(CL10, driverStats, 2, FALSE), 0) -> 98 | CN10: =IF(OR(IF(CL10 = "", TRUE, FALSE), IF(CL10 = "-", TRUE, FALSE)) = FALSE, VLOOKUP(CL10, driverStats, 3, FALSE), "") -> 2 | CO10: =IF(OR(IF(CL10 = "", TRUE, FALSE), IF(CL10 = "-", TRUE, FALSE)) = FALSE, VLOOKUP(CL10, driverStats, 4, FALSE), "") -> 2 | CS10: =IF(OR(IF(CR10 = "", TRUE, FALSE), IF(CR10 = "-", TRUE, FALSE)) = FALSE, VLOOKUP(CR10, driverStats, 2, FALSE), 0) -> 0 | CT10: =IF(OR(IF(CR10 = "", TRUE, FALSE), IF(CR10 = "-", TRUE, FALSE)) = FALSE, VLOOKUP(CR10, driverStats, 3, FALSE), "") | CU10: =IF(OR(IF(CR10 = "", TRUE, FALSE), IF(CR10 = "-", TRUE, FALSE)) = FALSE, VLOOKUP(CR10, driverStats, 4, FALSE), "") | CW10: =IF(Lineups!B41 <> "", Lineups!B41, "") -> Marcus Armstrong | CX10: =IF(OR(IF(CW10 = "", TRUE, FALSE), IF(CW10 = "-", TRUE, FALSE)) = FALSE, VLOOKUP(CW10, driverStats, 2, FALSE), 0) -> 99 | CY10: =IF(OR(IF(CW10 = "", TRUE, FALSE), IF(CW10 = "-", TRUE, FALSE)) = FALSE, VLOOKUP(CW10, driverStats, 3, FALSE), "") -> 2 | CZ10: =IF(OR(IF(CW10 = "", TRUE, FALSE), IF(CW10 = "-", TRUE, FALSE)) = FALSE, VLOOKUP(CW10, driverStats, 4, FALSE), "") -> 2
B11: Team Stellar | C11: =IF(Start!C11 <> "", Start!C11, "") -> March | D11: =IF(Start!D11 <> "", Start!D11, "") -> Honda | E11: =IF(Start!E11 <> "", Start!E11, "") -> Firestone | H11: =AQ11 -> 700 | I11: =W11 -> 104 | J11: =ROUND((CC11 + CH11 + CM11) / 3, 1) -> 98.3 | K11: =SUM(H11:I11) -> 804 | N11: 12 | Q11: =IF(OR(IF(C11 = "", TRUE, FALSE), IF(E11 = "", TRUE, FALSE)), 0, VLOOKUP(C11, chassisStatsNew, 6, TRUE) + VLOOKUP(E11, tyreStatsNew, 3, FALSE)) -> 3 | R11: 2 | S11: =Q11 + R11 -> 5 | V11: Team Stellar | W11: 104 | X11: 6 | Y11: 9 | Z11: 5 | AA11: 7 | AB11: =SUM(W11:AA11) -> 131 | AE11: =SUM(X11:AA11) -> 27 | AH11: Team Stellar | AI11: =X11 -> 6 | AJ11: =Y11 -> 9 | AK11: =SUM(Z11:AA11) -> 12 | AL11: =AY11 -> 133 | AM11: =IF(C11 <> "", VLOOKUP(C11, chassisStatsNew, 2, FALSE), 0) -> 97 | AN11: =IF(C11 <> "", VLOOKUP(C11, chassisStatsNew, 3, FALSE) + VLOOKUP(C11, chassisStatsNew, 4, FALSE), 0) -> 117 | AO11: =IF(D11 <> "", VLOOKUP(D11, engineStatsNew, 4, FALSE), 0) -> 219 | AP11: =IF(E11 <> "", VLOOKUP(E11, tyreStatsNew, 2, FALSE), 0) -> 107 | AQ11: =SUM(AI11:AP11) -> 700 | AT11: Team Stellar | AU11: 31 | AV11: 32 | AW11: 44 | AX11: 26 | AY11: =SUM(AU11:AX11) -> 133 | CB11: =IF(Lineups!B9 <> "", Lineups!B9, "") -> Jamie Chadwick | CC11: =IF(OR(IF(CB11 = "", TRUE, FALSE), IF(CB11 = "-", TRUE, FALSE)) = FALSE, VLOOKUP(CB11, driverStats, 2, FALSE), 0) -> 99 | CD11: =IF(OR(IF(CB11 = "", TRUE, FALSE), IF(CB11 = "-", TRUE, FALSE)) = FALSE, VLOOKUP(CB11, driverStats, 3, FALSE), "") -> 3 | CE11: =IF(OR(IF(CB11 = "", TRUE, FALSE), IF(CB11 = "-", TRUE, FALSE)) = FALSE, VLOOKUP(CB11, driverStats, 4, FALSE), "") -> 2 | CG11: =IF(Lineups!B10 <> "", Lineups!B10, "") -> Chloe Chambers | CH11: =IF(OR(IF(CG11 = "", TRUE, FALSE), IF(CG11 = "-", TRUE, FALSE)) = FALSE, VLOOKUP(CG11, driverStats, 2, FALSE), 0) -> 99 | CI11: =IF(OR(IF(CG11 = "", TRUE, FALSE), IF(CG11 = "-", TRUE, FALSE)) = FALSE, VLOOKUP(CG11, driverStats, 3, FALSE), "") -> 1 | CJ11: =IF(OR(IF(CG11 = "", TRUE, FALSE), IF(CG11 = "-", TRUE, FALSE)) = FALSE, VLOOKUP(CG11, driverStats, 4, FALSE), "") -> 2 | CL11: =IF(Lineups!B11 <> "", Lineups!B11, "") -> Aurelia Nobels | CM11: =IF(OR(IF(CL11 = "", TRUE, FALSE), IF(CL11 = "-", TRUE, FALSE)) = FALSE, VLOOKUP(CL11, driverStats, 2, FALSE), 0) -> 97 | CN11: =IF(OR(IF(CL11 = "", TRUE, FALSE), IF(CL11 = "-", TRUE, FALSE)) = FALSE, VLOOKUP(CL11, driverStats, 3, FALSE), "") -> 2 | CO11: =IF(OR(IF(CL11 = "", TRUE, FALSE), IF(CL11 = "-", TRUE, FALSE)) = FALSE, VLOOKUP(CL11, driverStats, 4, FALSE), "") -> 3 | CS11: =IF(OR(IF(CR11 = "", TRUE, FALSE), IF(CR11 = "-", TRUE, FALSE)) = FALSE, VLOOKUP(CR11, driverStats, 2, FALSE), 0) -> 0 | CT11: =IF(OR(IF(CR11 = "", TRUE, FALSE), IF(CR11 = "-", TRUE, FALSE)) = FALSE, VLOOKUP(CR11, driverStats, 3, FALSE), "") | CU11: =IF(OR(IF(CR11 = "", TRUE, FALSE), IF(CR11 = "-", TRUE, FALSE)) = FALSE, VLOOKUP(CR11, driverStats, 4, FALSE), "") | CW11: =IF(Lineups!B12 <> "", Lineups!B12, "") -> Maya Weug | CX11: =IF(OR(IF(CW11 = "", TRUE, FALSE), IF(CW11 = "-", TRUE, FALSE)) = FALSE, VLOOKUP(CW11, driverStats, 2, FALSE), 0) -> 98 | CY11: =IF(OR(IF(CW11 = "", TRUE, FALSE), IF(CW11 = "-", TRUE, FALSE)) = FALSE, VLOOKUP(CW11, driverStats, 3, FALSE), "") -> 2 | CZ11: =IF(OR(IF(CW11 = "", TRUE, FALSE), IF(CW11 = "-", TRUE, FALSE)) = FALSE, VLOOKUP(CW11, driverStats, 4, FALSE), "") -> 3
B12: =IF(Start!B12 <> "", Start!B12, "") -> Sim Party Racing | C12: =IF(Start!C12 <> "", Start!C12, "") -> Lola | D12: =IF(Start!D12 <> "", Start!D12, "") -> Chevrolet | E12: =IF(Start!E12 <> "", Start!E12, "") -> Michelin | H12: =AQ12 -> 689 | I12: =W12 -> 101 | J12: =ROUND((CC12 + CH12 + CM12) / 3, 1) -> 97.7 | K12: =SUM(H12:I12) -> 790 | N12: 14 | Q12: =IF(OR(IF(C12 = "", TRUE, FALSE), IF(E12 = "", TRUE, FALSE)), 0, VLOOKUP(C12, chassisStatsNew, 6, TRUE) + VLOOKUP(E12, tyreStatsNew, 3, FALSE)) -> 3 | R12: 2 | S12: =Q12 + R12 -> 5 | V12: =B12 -> Sim Party Racing | W12: 101 | X12: 8 | Y12: 5 | Z12: 6 | AA12: 3 | AB12: =SUM(W12:AA12) -> 123 | AE12: =SUM(X12:AA12) -> 22 | AH12: =B12 -> Sim Party Racing | AI12: =X12 -> 8 | AJ12: =Y12 -> 5 | AK12: =SUM(Z12:AA12) -> 9 | AL12: =AY12 -> 132 | AM12: =IF(C12 <> "", VLOOKUP(C12, chassisStatsNew, 2, FALSE), 0) -> 100 | AN12: =IF(C12 <> "", VLOOKUP(C12, chassisStatsNew, 3, FALSE) + VLOOKUP(C12, chassisStatsNew, 4, FALSE), 0) -> 113 | AO12: =IF(D12 <> "", VLOOKUP(D12, engineStatsNew, 4, FALSE), 0) -> 216 | AP12: =IF(E12 <> "", VLOOKUP(E12, tyreStatsNew, 2, FALSE), 0) -> 106 | AQ12: =SUM(AI12:AP12) -> 689 | AT12: =B12 -> Sim Party Racing | AU12: 27 | AV12: 30 | AW12: 43 | AX12: 32 | AY12: =SUM(AU12:AX12) -> 132 | CB12: =IF(Lineups!B42 <> "", Lineups!B42, "") -> Charles Leclerc | CC12: =IF(OR(IF(CB12 = "", TRUE, FALSE), IF(CB12 = "-", TRUE, FALSE)) = FALSE, VLOOKUP(CB12, driverStats, 2, FALSE), 0) -> 100 | CD12: =IF(OR(IF(CB12 = "", TRUE, FALSE), IF(CB12 = "-", TRUE, FALSE)) = FALSE, VLOOKUP(CB12, driverStats, 3, FALSE), "") -> 1 | CE12: =IF(OR(IF(CB12 = "", TRUE, FALSE), IF(CB12 = "-", TRUE, FALSE)) = FALSE, VLOOKUP(CB12, driverStats, 4, FALSE), "") -> 1 | CG12: =IF(Lineups!B43 <> "", Lineups!B43, "") -> Alexander Albon | CH12: =IF(OR(IF(CG12 = "", TRUE, FALSE), IF(CG12 = "-", TRUE, FALSE)) = FALSE, VLOOKUP(CG12, driverStats, 2, FALSE), 0) -> 98 | CI12: =IF(OR(IF(CG12 = "", TRUE, FALSE), IF(CG12 = "-", TRUE, FALSE)) = FALSE, VLOOKUP(CG12, driverStats, 3, FALSE), "") -> 1 | CJ12: =IF(OR(IF(CG12 = "", TRUE, FALSE), IF(CG12 = "-", TRUE, FALSE)) = FALSE, VLOOKUP(CG12, driverStats, 4, FALSE), "") -> 2 | CL12: =IF(Lineups!B44 <> "", Lineups!B44, "") -> Mick Schumacher | CM12: =IF(OR(IF(CL12 = "", TRUE, FALSE), IF(CL12 = "-", TRUE, FALSE)) = FALSE, VLOOKUP(CL12, driverStats, 2, FALSE), 0) -> 95 | CN12: =IF(OR(IF(CL12 = "", TRUE, FALSE), IF(CL12 = "-", TRUE, FALSE)) = FALSE, VLOOKUP(CL12, driverStats, 3, FALSE), "") -> 4 | CO12: =IF(OR(IF(CL12 = "", TRUE, FALSE), IF(CL12 = "-", TRUE, FALSE)) = FALSE, VLOOKUP(CL12, driverStats, 4, FALSE), "") -> 3 | CS12: =IF(OR(IF(CR12 = "", TRUE, FALSE), IF(CR12 = "-", TRUE, FALSE)) = FALSE, VLOOKUP(CR12, driverStats, 2, FALSE), 0) -> 0 | CT12: =IF(OR(IF(CR12 = "", TRUE, FALSE), IF(CR12 = "-", TRUE, FALSE)) = FALSE, VLOOKUP(CR12, driverStats, 3, FALSE), "") | CU12: =IF(OR(IF(CR12 = "", TRUE, FALSE), IF(CR12 = "-", TRUE, FALSE)) = FALSE, VLOOKUP(CR12, driverStats, 4, FALSE), "") | CW12: =IF(Lineups!B45 <> "", Lineups!B45, "") -> Oliver Bearman | CX12: =IF(OR(IF(CW12 = "", TRUE, FALSE), IF(CW12 = "-", TRUE, FALSE)) = FALSE, VLOOKUP(CW12, driverStats, 2, FALSE), 0) -> 100 | CY12: =IF(OR(IF(CW12 = "", TRUE, FALSE), IF(CW12 = "-", TRUE, FALSE)) = FALSE, VLOOKUP(CW12, driverStats, 3, FALSE), "") -> 1 | CZ12: =IF(OR(IF(CW12 = "", TRUE, FALSE), IF(CW12 = "-", TRUE, FALSE)) = FALSE, VLOOKUP(CW12, driverStats, 4, FALSE), "") -> 1
B13: =IF(Start!B13 <> "", Start!B13, "") -> Centurion Engineering | C13: =IF(Start!C13 <> "", Start!C13, "") -> Lola | D13: =IF(Start!D13 <> "", Start!D13, "") -> Porsche | E13: =IF(Start!E13 <> "", Start!E13, "") -> Michelin | H13: =AQ13 -> 690 | I13: =W13 -> 103 | J13: =ROUND((CC13 + CH13 + CM13) / 3, 1) -> 100 | K13: =SUM(H13:I13) -> 793 | N13: 14 | Q13: =IF(OR(IF(C13 = "", TRUE, FALSE), IF(E13 = "", TRUE, FALSE)), 0, VLOOKUP(C13, chassisStatsNew, 6, TRUE) + VLOOKUP(E13, tyreStatsNew, 3, FALSE)) -> 3 | R13: 2 | S13: =Q13 + R13 -> 5 | V13: =B13 -> Centurion Engineering | W13: 103 | X13: 7 | Y13: 4 | Z13: 4 | AA13: 7 | AB13: =SUM(W13:AA13) -> 125 | AE13: =SUM(X13:AA13) -> 22 | AH13: =B13 -> Centurion Engineering | AI13: =X13 -> 7 | AJ13: =Y13 -> 4 | AK13: =SUM(Z13:AA13) -> 11 | AL13: =AY13 -> 132 | AM13: =IF(C13 <> "", VLOOKUP(C13, chassisStatsNew, 2, FALSE), 0) -> 100 | AN13: =IF(C13 <> "", VLOOKUP(C13, chassisStatsNew, 3, FALSE) + VLOOKUP(C13, chassisStatsNew, 4, FALSE), 0) -> 113 | AO13: =IF(D13 <> "", VLOOKUP(D13, engineStatsNew, 4, FALSE), 0) -> 217 | AP13: =IF(E13 <> "", VLOOKUP(E13, tyreStatsNew, 2, FALSE), 0) -> 106 | AQ13: =SUM(AI13:AP13) -> 690 | AT13: =B13 -> Centurion Engineering | AU13: 30 | AV13: 30 | AW13: 44 | AX13: 28 | AY13: =SUM(AU13:AX13) -> 132 | CB13: =IF(Lineups!B34 <> "", Lineups!B34, "") -> Kyle Kirkwood | CC13: =IF(OR(IF(CB13 = "", TRUE, FALSE), IF(CB13 = "-", TRUE, FALSE)) = FALSE, VLOOKUP(CB13, driverStats, 2, FALSE), 0) -> 100 | CD13: =IF(OR(IF(CB13 = "", TRUE, FALSE), IF(CB13 = "-", TRUE, FALSE)) = FALSE, VLOOKUP(CB13, driverStats, 3, FALSE), "") -> 1 | CE13: =IF(OR(IF(CB13 = "", TRUE, FALSE), IF(CB13 = "-", TRUE, FALSE)) = FALSE, VLOOKUP(CB13, driverStats, 4, FALSE), "") -> 1 | CG13: =IF(Lineups!B35 <> "", Lineups!B35, "") -> Alex Palou | CH13: =IF(OR(IF(CG13 = "", TRUE, FALSE), IF(CG13 = "-", TRUE, FALSE)) = FALSE, VLOOKUP(CG13, driverStats, 2, FALSE), 0) -> 100 | CI13: =IF(OR(IF(CG13 = "", TRUE, FALSE), IF(CG13 = "-", TRUE, FALSE)) = FALSE, VLOOKUP(CG13, driverStats, 3, FALSE), "") -> 1 | CJ13: =IF(OR(IF(CG13 = "", TRUE, FALSE), IF(CG13 = "-", TRUE, FALSE)) = FALSE, VLOOKUP(CG13, driverStats, 4, FALSE), "") -> 1 | CL13: =IF(Lineups!B36 <> "", Lineups!B36, "") -> Abbi Pulling | CM13: =IF(OR(IF(CL13 = "", TRUE, FALSE), IF(CL13 = "-", TRUE, FALSE)) = FALSE, VLOOKUP(CL13, driverStats, 2, FALSE), 0) -> 100 | CN13: =IF(OR(IF(CL13 = "", TRUE, FALSE), IF(CL13 = "-", TRUE, FALSE)) = FALSE, VLOOKUP(CL13, driverStats, 3, FALSE), "") -> 1 | CO13: =IF(OR(IF(CL13 = "", TRUE, FALSE), IF(CL13 = "-", TRUE, FALSE)) = FALSE, VLOOKUP(CL13, driverStats, 4, FALSE), "") -> 1 | CS13: =IF(OR(IF(CR13 = "", TRUE, FALSE), IF(CR13 = "-", TRUE, FALSE)) = FALSE, VLOOKUP(CR13, driverStats, 2, FALSE), 0) -> 0 | CT13: =IF(OR(IF(CR13 = "", TRUE, FALSE), IF(CR13 = "-", TRUE, FALSE)) = FALSE, VLOOKUP(CR13, driverStats, 3, FALSE), "") | CU13: =IF(OR(IF(CR13 = "", TRUE, FALSE), IF(CR13 = "-", TRUE, FALSE)) = FALSE, VLOOKUP(CR13, driverStats, 4, FALSE), "") | CW13: =IF(Lineups!B37 <> "", Lineups!B37, "") -> Marta Garcia | CX13: =IF(OR(IF(CW13 = "", TRUE, FALSE), IF(CW13 = "-", TRUE, FALSE)) = FALSE, VLOOKUP(CW13, driverStats, 2, FALSE), 0) -> 98 | CY13: =IF(OR(IF(CW13 = "", TRUE, FALSE), IF(CW13 = "-", TRUE, FALSE)) = FALSE, VLOOKUP(CW13, driverStats, 3, FALSE), "") -> 2 | CZ13: =IF(OR(IF(CW13 = "", TRUE, FALSE), IF(CW13 = "-", TRUE, FALSE)) = FALSE, VLOOKUP(CW13, driverStats, 4, FALSE), "") -> 2
B14: =IF(Start!B14 <> "", Start!B14, "") -> APR GP Racing | C14: =IF(Start!C14 <> "", Start!C14, "") -> Tatuus | D14: =IF(Start!D14 <> "", Start!D14, "") -> Toyota | E14: =IF(Start!E14 <> "", Start!E14, "") -> Firestone | H14: =AQ14 -> 695 | I14: =W14 -> 99 | J14: =ROUND((CC14 + CH14 + CM14) / 3, 1) -> 99.3 | K14: =SUM(H14:I14) -> 794 | N14: 14 | Q14: =IF(OR(IF(C14 = "", TRUE, FALSE), IF(E14 = "", TRUE, FALSE)), 0, VLOOKUP(C14, chassisStatsNew, 6, TRUE) + VLOOKUP(E14, tyreStatsNew, 3, FALSE)) -> 2 | R14: 2 | S14: =Q14 + R14 -> 4 | V14: =B14 -> APR GP Racing | W14: 99 | X14: 6 | Y14: 5 | Z14: 8 | AA14: 8 | AB14: =SUM(W14:AA14) -> 126 | AE14: =SUM(X14:AA14) -> 27 | AH14: =B14 -> APR GP Racing | AI14: =X14 -> 6 | AJ14: =Y14 -> 5 | AK14: =SUM(Z14:AA14) -> 16 | AL14: =AY14 -> 134 | AM14: =IF(C14 <> "", VLOOKUP(C14, chassisStatsNew, 2, FALSE), 0) -> 97 | AN14: =IF(C14 <> "", VLOOKUP(C14, chassisStatsNew, 3, FALSE) + VLOOKUP(C14, chassisStatsNew, 4, FALSE), 0) -> 115 | AO14: =IF(D14 <> "", VLOOKUP(D14, engineStatsNew, 4, FALSE), 0) -> 215 | AP14: =IF(E14 <> "", VLOOKUP(E14, tyreStatsNew, 2, FALSE), 0) -> 107 | AQ14: =SUM(AI14:AP14) -> 695 | AT14: =B14 -> APR GP Racing | AU14: 30 | AV14: 32 | AW14: 46 | AX14: 26 | AY14: =SUM(AU14:AX14) -> 134 | CB14: =IF(Lineups!B13 <> "", Lineups!B13, "") -> Victor Martins | CC14: =IF(OR(IF(CB14 = "", TRUE, FALSE), IF(CB14 = "-", TRUE, FALSE)) = FALSE, VLOOKUP(CB14, driverStats, 2, FALSE), 0) -> 99 | CD14: =IF(OR(IF(CB14 = "", TRUE, FALSE), IF(CB14 = "-", TRUE, FALSE)) = FALSE, VLOOKUP(CB14, driverStats, 3, FALSE), "") -> 1 | CE14: =IF(OR(IF(CB14 = "", TRUE, FALSE), IF(CB14 = "-", TRUE, FALSE)) = FALSE, VLOOKUP(CB14, driverStats, 4, FALSE), "") -> 2 | CG14: =IF(Lineups!B14 <> "", Lineups!B14, "") -> Doriane Pin | CH14: =IF(OR(IF(CG14 = "", TRUE, FALSE), IF(CG14 = "-", TRUE, FALSE)) = FALSE, VLOOKUP(CG14, driverStats, 2, FALSE), 0) -> 100 | CI14: =IF(OR(IF(CG14 = "", TRUE, FALSE), IF(CG14 = "-", TRUE, FALSE)) = FALSE, VLOOKUP(CG14, driverStats, 3, FALSE), "") -> 1 | CJ14: =IF(OR(IF(CG14 = "", TRUE, FALSE), IF(CG14 = "-", TRUE, FALSE)) = FALSE, VLOOKUP(CG14, driverStats, 4, FALSE), "") -> 1 | CL14: =IF(Lineups!B15 <> "", Lineups!B15, "") -> Dan Ticktum | CM14: =IF(OR(IF(CL14 = "", TRUE, FALSE), IF(CL14 = "-", TRUE, FALSE)) = FALSE, VLOOKUP(CL14, driverStats, 2, FALSE), 0) -> 99 | CN14: =IF(OR(IF(CL14 = "", TRUE, FALSE), IF(CL14 = "-", TRUE, FALSE)) = FALSE, VLOOKUP(CL14, driverStats, 3, FALSE), "") -> 2 | CO14: =IF(OR(IF(CL14 = "", TRUE, FALSE), IF(CL14 = "-", TRUE, FALSE)) = FALSE, VLOOKUP(CL14, driverStats, 4, FALSE), "") -> 2 | CS14: =IF(OR(IF(CR14 = "", TRUE, FALSE), IF(CR14 = "-", TRUE, FALSE)) = FALSE, VLOOKUP(CR14, driverStats, 2, FALSE), 0) -> 0 | CT14: =IF(OR(IF(CR14 = "", TRUE, FALSE), IF(CR14 = "-", TRUE, FALSE)) = FALSE, VLOOKUP(CR14, driverStats, 3, FALSE), "") | CU14: =IF(OR(IF(CR14 = "", TRUE, FALSE), IF(CR14 = "-", TRUE, FALSE)) = FALSE, VLOOKUP(CR14, driverStats, 4, FALSE), "") | CW14: =IF(Lineups!B16 <> "", Lineups!B16, "") -> Ugo Ugochukwu | CX14: =IF(OR(IF(CW14 = "", TRUE, FALSE), IF(CW14 = "-", TRUE, FALSE)) = FALSE, VLOOKUP(CW14, driverStats, 2, FALSE), 0) -> 94 | CY14: =IF(OR(IF(CW14 = "", TRUE, FALSE), IF(CW14 = "-", TRUE, FALSE)) = FALSE, VLOOKUP(CW14, driverStats, 3, FALSE), "") -> 3 | CZ14: =IF(OR(IF(CW14 = "", TRUE, FALSE), IF(CW14 = "-", TRUE, FALSE)) = FALSE, VLOOKUP(CW14, driverStats, 4, FALSE), "") -> 3
N17: =RANDBETWEEN(12, 15) -> 12 | R17: =RANDBETWEEN(1, 3) -> 1 | W17: =RANDBETWEEN(98, 100) -> 100 | X17: =RANDBETWEEN(2, 5) -> 3 | Y17: =RANDBETWEEN(2, 5) -> 4 | Z17: =RANDBETWEEN(2, 5) -> 3 | AA17: =RANDBETWEEN(2, 5) -> 2 | AU17: =RANDBETWEEN(23, 26) + 1 -> 27 | AV17: =RANDBETWEEN(23, 26) + 1 -> 27 | AW17: =RANDBETWEEN(34, 37) + 1 -> 37 | AX17: =RANDBETWEEN(20, 23) + 1 -> 23 | BC17: =RANDBETWEEN(97, 100) -> 97 | BD17: =RANDBETWEEN(47, 50) -> 49 | BE17: =RANDBETWEEN(47, 50) -> 48 | BQ17: =RANDBETWEEN(97, 100) -> 97 | BR17: =RANDBETWEEN(97, 100) -> 98 | BX17: =RANDBETWEEN(97, 100) -> 100

Sheet Per Race Stats
B2: TDS12 | H2: TDS12
B3: Team Stats | H3: Team Stats
B4: Team Name | C4: Spine | D4: Engine | E4: Tyres | H4: Car | K4: Event 1 | M4: Setup | N4: Components | P4: Event 2 | R4: Setup | S4: Components | U4: IMS | W4: Setup | X4: Components | Z4: Event 3 | AB4: Setup | AC4: Components | AE4: Event 4 | AG4: Setup | AH4: Components | AJ4: Event 5 | AL4: Setup | AM4: Components | AO4: Event 6 | AQ4: Setup | AR4: Components | AT4: Event 7 | AV4: Setup | AW4: Components | AY4: Event 8 | BA4: Setup | BB4: Components | BD4: Event 9 | BF4: Setup | BG4: Components | BI4: Event 10 | BK4: Setup | BL4: Components | BN4: Event 11 | BP4: Setup | BQ4: Components | BS4: Event 12 | BU4: Setup | BV4: Components | BX4: Event 13 | BZ4: Setup | CA4: Components | CC4: Average
B5: =IF(Start!B5 <> "", Start!B5, "") -> Bruh Racing | C5: =IF(Start!C5 <> "", Start!C5, "") -> Lola | D5: =IF(Start!D5 <> "", Start!D5, "") -> Chevrolet | E5: =IF(Start!E5 <> "", Start!E5, "") -> Pirelli | H5: =Stats!AQ5 -> 692 | K5: =SUM(H5, M5:O5) -> #REF! | L5: =ROUND(LOG(K5, 1.0075), 0) - 700 -> #REF! | M5: =IF(M17 = "Aero", Stats!X5, IF(M17 = "Chassis", Stats!Y5, IF(M17 = "Suspension", SUM(Stats!Z5:'Stats'!AA5), 0))) -> 0 | N5: =IF(N17 = "Aero", Stats!AL5, IF(N17 = "Chassis", Stats!AM5, IF(N17 = "Suspension", Stats!AN5, IF(N17 = "Engine", Stats!AO5, 0)))) -> #REF! | O5: =IF(O17 = "Aero", Stats!AL5, IF(O17 = "Chassis", Stats!AM5, IF(O17 = "Suspension", Stats!AN5, IF(O17 = "Engine", Stats!AO5, 0)))) -> #REF! | P5: =SUM(H5, R5:T5) -> #REF! | Q5: =ROUND(LOG(P5, 1.0075), 0) - 700 -> #REF! | R5: =IF(R17 = "Aero", Stats!X5, IF(R17 = "Chassis", Stats!Y5, IF(R17 = "Suspension", SUM(Stats!Z5:'Stats'!AA5), 0))) -> 0 | S5: =IF(S17 = "Aero", Stats!AL5, IF(S17 = "Chassis", Stats!AM5, IF(S17 = "Suspension", Stats!AN5, IF(S17 = "Engine", Stats!AO5, 0)))) -> #REF! | T5: =IF(T17 = "Aero", Stats!AL5, IF(T17 = "Chassis", Stats!AM5, IF(T17 = "Suspension", Stats!AN5, IF(T17 = "Engine", Stats!AO5, 0)))) -> #REF! | U5: =SUM(H5, W5:Y5) -> #N/A | V5: =ROUND(LOG(U5, 1.0075), 0) - 700 -> #N/A | W5: =IF(W17 = "Aero", Stats!X5, IF(W17 = "Chassis", Stats!Y5, IF(W17 = "Suspension", SUM(Stats!Z5:'Stats'!AA5), 0))) -> #N/A | X5: =IF(X17 = "Aero", Stats!AL5, IF(X17 = "Chassis", Stats!AM5, IF(X17 = "Suspension", Stats!AN5, IF(X17 = "Engine", Stats!AO5, 0)))) -> #N/A | Y5: =IF(Y17 = "Aero", Stats!AL5, IF(Y17 = "Chassis", Stats!AM5, IF(Y17 = "Suspension", Stats!AN5, IF(Y17 = "Engine", Stats!AO5, 0)))) -> #N/A | Z5: =SUM(H5, AB5:AD5) -> #REF! | AA5: =ROUND(LOG(Z5, 1.0075), 0) - 700 -> #REF! | AB5: =IF(AB17 = "Aero", Stats!X5, IF(AB17 = "Chassis", Stats!Y5, IF(AB17 = "Suspension", SUM(Stats!Z5:'Stats'!AA5), 0))) -> 0 | AC5: =IF(AC17 = "Aero", Stats!AL5, IF(AC17 = "Chassis", Stats!AM5, IF(AC17 = "Suspension", Stats!AN5, IF(AC17 = "Engine", Stats!AO5, 0)))) -> #REF! | AD5: =IF(AD17 = "Aero", Stats!AL5, IF(AD17 = "Chassis", Stats!AM5, IF(AD17 = "Suspension", Stats!AN5, IF(AD17 = "Engine", Stats!AO5, 0)))) -> #REF! | AE5: =SUM(H5, AG5:AI5) -> #REF! | AF5: =ROUND(LOG(AE5, 1.0075), 0) - 700 -> #REF! | AG5: =IF(AG17 = "Aero", Stats!X5, IF(AG17 = "Chassis", Stats!Y5, IF(AG17 = "Suspension", SUM(Stats!Z5:'Stats'!AA5), 0))) -> 10 | AH5: =IF(AH17 = "Aero", Stats!AL5, IF(AH17 = "Chassis", Stats!AM5, IF(AH17 = "Suspension", Stats!AN5, IF(AH17 = "Engine", Stats!AO5, 0)))) -> #REF! | AI5: =IF(AI17 = "Aero", Stats!AL5, IF(AI17 = "Chassis", Stats!AM5, IF(AI17 = "Suspension", Stats!AN5, IF(AI17 = "Engine", Stats!AO5, 0)))) -> #REF! | AJ5: =SUM(H5, AL5:AN5) -> #REF! | AK5: =ROUND(LOG(AJ5, 1.0075), 0) - 700 -> #REF! | AL5: =IF(AL17 = "Aero", Stats!X5, IF(AL17 = "Chassis", Stats!Y5, IF(AL17 = "Suspension", SUM(Stats!Z5:'Stats'!AA5), 0))) -> 10 | AM5: =IF(AM17 = "Aero", Stats!AL5, IF(AM17 = "Chassis", Stats!AM5, IF(AM17 = "Suspension", Stats!AN5, IF(AM17 = "Engine", Stats!AO5, 0)))) -> #REF! | AN5: =IF(AN17 = "Aero", Stats!AL5, IF(AN17 = "Chassis", Stats!AM5, IF(AN17 = "Suspension", Stats!AN5, IF(AN17 = "Engine", Stats!AO5, 0)))) -> #REF! | AO5: =SUM(H5, AQ5:AS5) -> #REF! | AP5: =ROUND(LOG(AO5, 1.0075), 0) - 700 -> #REF! | AQ5: =IF(AQ17 = "Aero", Stats!X5, IF(AQ17 = "Chassis", Stats!Y5, IF(AQ17 = "Suspension", SUM(Stats!Z5:'Stats'!AA5), 0))) -> 10 | AR5: =IF(AR17 = "Aero", Stats!AL5, IF(AR17 = "Chassis", Stats!AM5, IF(AR17 = "Suspension", Stats!AN5, IF(AR17 = "Engine", Stats!AO5, 0)))) -> #REF! | AS5: =IF(AS17 = "Aero", Stats!AL5, IF(AS17 = "Chassis", Stats!AM5, IF(AS17 = "Suspension", Stats!AN5, IF(AS17 = "Engine", Stats!AO5, 0)))) -> #REF! | AT5: =SUM(H5, AV5:AX5) -> #REF! | AU5: =ROUND(LOG(AT5, 1.0075), 0) - 700 -> #REF! | AV5: =IF(AV17 = "Aero", Stats!X5, IF(AV17 = "Chassis", Stats!Y5, IF(AV17 = "Suspension", SUM(Stats!Z5:'Stats'!AA5), 0))) -> 7 | AW5: =IF(AW17 = "Aero", Stats!AL5, IF(AW17 = "Chassis", Stats!AM5, IF(AW17 = "Suspension", Stats!AN5, IF(AW17 = "Engine", Stats!AO5, 0)))) -> #REF! | AX5: =IF(AX17 = "Aero", Stats!AL5, IF(AX17 = "Chassis", Stats!AM5, IF(AX17 = "Suspension", Stats!AN5, IF(AX17 = "Engine", Stats!AO5, 0)))) -> #REF! | AY5: =SUM(H5, BA5:BC5) -> #REF! | AZ5: =ROUND(LOG(AY5, 1.0075), 0) - 700 -> #REF! | BA5: =IF(BA17 = "Aero", Stats!X5, IF(BA17 = "Chassis", Stats!Y5, IF(BA17 = "Suspension", SUM(Stats!Z5:'Stats'!AA5), 0))) -> 7 | BB5: =IF(BB17 = "Aero", Stats!AL5, IF(BB17 = "Chassis", Stats!AM5, IF(BB17 = "Suspension", Stats!AN5, IF(BB17 = "Engine", Stats!AO5, 0)))) -> #REF! | BC5: =IF(BC17 = "Aero", Stats!AL5, IF(BC17 = "Chassis", Stats!AM5, IF(BC17 = "Suspension", Stats!AN5, IF(BC17 = "Engine", Stats!AO5, 0)))) -> #REF! | BD5: =SUM(H5, BF5:BH5) -> #REF! | BE5: =ROUND(LOG(BD5, 1.0075), 0) - 700 -> #REF! | BF5: =IF(BF17 = "Aero", Stats!X5, IF(BF17 = "Chassis", Stats!Y5, IF(BF17 = "Suspension", SUM(Stats!Z5:'Stats'!AA5), 0))) -> 0 | BG5: =IF(BG17 = "Aero", Stats!AL5, IF(BG17 = "Chassis", Stats!AM5, IF(BG17 = "Suspension", Stats!AN5, IF(BG17 = "Engine", Stats!AO5, 0)))) -> #REF! | BH5: =IF(BH17 = "Aero", Stats!AL5, IF(BH17 = "Chassis", Stats!AM5, IF(BH17 = "Suspension", Stats!AN5, IF(BH17 = "Engine", Stats!AO5, 0)))) -> #REF! | BI5: =SUM(H5, BK5:BM5) -> #REF! | BJ5: =ROUND(LOG(BI5, 1.0075), 0) - 700 -> #REF! | BK5: =IF(BK17 = "Aero", Stats!X5, IF(BK17 = "Chassis", Stats!Y5, IF(BK17 = "Suspension", SUM(Stats!Z5:'Stats'!AA5), 0))) -> 10 | BL5: =IF(BL17 = "Aero", Stats!AL5, IF(BL17 = "Chassis", Stats!AM5, IF(BL17 = "Suspension", Stats!AN5, IF(BL17 = "Engine", Stats!AO5, 0)))) -> #REF! | BM5: =IF(BM17 = "Aero", Stats!AL5, IF(BM17 = "Chassis", Stats!AM5, IF(BM17 = "Suspension", Stats!AN5, IF(BM17 = "Engine", Stats!AO5, 0)))) -> #REF! | BN5: =SUM(H5, BP5:BR5) -> #REF! | BO5: =ROUND(LOG(BN5, 1.0075), 0) - 700 -> #REF! | BP5: =IF(BP17 = "Aero", Stats!X5, IF(BP17 = "Chassis", Stats!Y5, IF(BP17 = "Suspension", SUM(Stats!Z5:'Stats'!AA5), 0))) -> 0 | BQ5: =IF(BQ17 = "Aero", Stats!AL5, IF(BQ17 = "Chassis", Stats!AM5, IF(BQ17 = "Suspension", Stats!AN5, IF(BQ17 = "Engine", Stats!AO5, 0)))) -> #REF! | BR5: =IF(BR17 = "Aero", Stats!AL5, IF(BR17 = "Chassis", Stats!AM5, IF(BR17 = "Suspension", Stats!AN5, IF(BR17 = "Engine", Stats!AO5, 0)))) -> #REF! | BS5: =SUM(H5, BU5:BW5) -> #REF! | BT5: =ROUND(LOG(BS5, 1.0075), 0) - 700 -> #REF! | BU5: =IF(BU17 = "Aero", Stats!X5, IF(BU17 = "Chassis", Stats!Y5, IF(BU17 = "Suspension", SUM(Stats!Z5:'Stats'!AA5), 0))) -> 0 | BV5: =IF(BV17 = "Aero", Stats!AL5, IF(BV17 = "Chassis", Stats!AM5, IF(BV17 = "Suspension", Stats!AN5, IF(BV17 = "Engine", Stats!AO5, 0)))) -> #REF! | BW5: =IF(BW17 = "Aero", Stats!AL5, IF(BW17 = "Chassis", Stats!AM5, IF(BW17 = "Suspension", Stats!AN5, IF(BW17 = "Engine", Stats!AO5, 0)))) -> #REF! | BX5: =SUM(H5, BZ5:CB5) -> #REF! | BY5: =ROUND(LOG(BX5, 1.0075), 0) - 700 -> #REF! | BZ5: =IF(BZ17 = "Aero", Stats!X5, IF(BZ17 = "Chassis", Stats!Y5, IF(BZ17 = "Suspension", SUM(Stats!Z5:'Stats'!AA5), 0))) -> 0 | CA5: =IF(CA17 = "Aero", Stats!AL5, IF(CA17 = "Chassis", Stats!AM5, IF(CA17 = "Suspension", Stats!AN5, IF(CA17 = "Engine", Stats!AO5, 0)))) -> #REF! | CB5: =IF(CB17 = "Aero", Stats!AL5, IF(CB17 = "Chassis", Stats!AM5, IF(CB17 = "Suspension", Stats!AN5, IF(CB17 = "Engine", Stats!AO5, 0)))) -> #REF! | CC5: =ROUND(SUM(K5, P5, U5, Z5, AE5, AJ5, AO5, AT5, AY5, BD5, BI5, BN5, BS5, BX5) / 14, 1) -> #REF! | CD5: =ROUND(SUM(L5, Q5, V5, AA5, AF5, AK5, AP5, AU5, AZ5, BE5, BJ5, BO5, BT5, BY5) / 14, 1) -> #REF! | CG5: 4
B6: =IF(Start!B6 <> "", Start!B6, "") -> Tactically Perfect Racing | C6: =IF(Start!C6 <> "", Start!C6, "") -> Tatuus | D6: =IF(Start!D6 <> "", Start!D6, "") -> Porsche | E6: =IF(Start!E6 <> "", Start!E6, "") -> Michelin | H6: =Stats!AQ6 -> 689 | K6: =SUM(H6, M6:O6) -> #REF! | L6: =ROUND(LOG(K6, 1.0075), 0) - 700 -> #REF! | M6: =IF(M17 = "Aero", Stats!X6, IF(M17 = "Chassis", Stats!Y6, IF(M17 = "Suspension", SUM(Stats!Z6:'Stats'!AA6), 0))) -> 0 | N6: =IF(N17 = "Aero", Stats!AL6, IF(N17 = "Chassis", Stats!AM6, IF(N17 = "Suspension", Stats!AN6, IF(N17 = "Engine", Stats!AO6, 0)))) -> #REF! | O6: =IF(O17 = "Aero", Stats!AL6, IF(O17 = "Chassis", Stats!AM6, IF(O17 = "Suspension", Stats!AN6, IF(O17 = "Engine", Stats!AO6, 0)))) -> #REF! | P6: =SUM(H6, R6:T6) -> #REF! | Q6: =ROUND(LOG(P6, 1.0075), 0) - 700 -> #REF! | R6: =IF(R17 = "Aero", Stats!X6, IF(R17 = "Chassis", Stats!Y6, IF(R17 = "Suspension", SUM(Stats!Z6:'Stats'!AA6), 0))) -> 0 | S6: =IF(S17 = "Aero", Stats!AL6, IF(S17 = "Chassis", Stats!AM6, IF(S17 = "Suspension", Stats!AN6, IF(S17 = "Engine", Stats!AO6, 0)))) -> #REF! | T6: =IF(T17 = "Aero", Stats!AL6, IF(T17 = "Chassis", Stats!AM6, IF(T17 = "Suspension", Stats!AN6, IF(T17 = "Engine", Stats!AO6, 0)))) -> #REF! | U6: =SUM(H6, W6:Y6) -> #N/A | V6: =ROUND(LOG(U6, 1.0075), 0) - 700 -> #N/A | W6: =IF(W17 = "Aero", Stats!X6, IF(W17 = "Chassis", Stats!Y6, IF(W17 = "Suspension", SUM(Stats!Z6:'Stats'!AA6), 0))) -> #N/A | X6: =IF(X17 = "Aero", Stats!AL6, IF(X17 = "Chassis", Stats!AM6, IF(X17 = "Suspension", Stats!AN6, IF(X17 = "Engine", Stats!AO6, 0)))) -> #N/A | Y6: =IF(Y17 = "Aero", Stats!AL6, IF(Y17 = "Chassis", Stats!AM6, IF(Y17 = "Suspension", Stats!AN6, IF(Y17 = "Engine", Stats!AO6, 0)))) -> #N/A | Z6: =SUM(H6, AB6:AD6) -> #REF! | AA6: =ROUND(LOG(Z6, 1.0075), 0) - 700 -> #REF! | AB6: =IF(AB17 = "Aero", Stats!X6, IF(AB17 = "Chassis", Stats!Y6, IF(AB17 = "Suspension", SUM(Stats!Z6:'Stats'!AA6), 0))) -> 0 | AC6: =IF(AC17 = "Aero", Stats!AL6, IF(AC17 = "Chassis", Stats!AM6, IF(AC17 = "Suspension", Stats!AN6, IF(AC17 = "Engine", Stats!AO6, 0)))) -> #REF! | AD6: =IF(AD17 = "Aero", Stats!AL6, IF(AD17 = "Chassis", Stats!AM6, IF(AD17 = "Suspension", Stats!AN6, IF(AD17 = "Engine", Stats!AO6, 0)))) -> #REF! | AE6: =SUM(H6, AG6:AI6) -> #REF! | AF6: =ROUND(LOG(AE6, 1.0075), 0) - 700 -> #REF! | AG6: =IF(AG17 = "Aero", Stats!X6, IF(AG17 = "Chassis", Stats!Y6, IF(AG17 = "Suspension", SUM(Stats!Z6:'Stats'!AA6), 0))) -> 11 | AH6: =IF(AH17 = "Aero", Stats!AL6, IF(AH17 = "Chassis", Stats!AM6, IF(AH17 = "Suspension", Stats!AN6, IF(AH17 = "Engine", Stats!AO6, 0)))) -> #REF! | AI6: =IF(AI17 = "Aero", Stats!AL6, IF(AI17 = "Chassis", Stats!AM6, IF(AI17 = "Suspension", Stats!AN6, IF(AI17 = "Engine", Stats!AO6, 0)))) -> #REF! | AJ6: =SUM(H6, AL6:AN6) -> #REF! | AK6: =ROUND(LOG(AJ6, 1.0075), 0) - 700 -> #REF! | AL6: =IF(AL17 = "Aero", Stats!X6, IF(AL17 = "Chassis", Stats!Y6, IF(AL17 = "Suspension", SUM(Stats!Z6:'Stats'!AA6), 0))) -> 11 | AM6: =IF(AM17 = "Aero", Stats!AL6, IF(AM17 = "Chassis", Stats!AM6, IF(AM17 = "Suspension", Stats!AN6, IF(AM17 = "Engine", Stats!AO6, 0)))) -> #REF! | AN6: =IF(AN17 = "Aero", Stats!AL6, IF(AN17 = "Chassis", Stats!AM6, IF(AN17 = "Suspension", Stats!AN6, IF(AN17 = "Engine", Stats!AO6, 0)))) -> #REF! | AO6: =SUM(H6, AQ6:AS6) -> #REF! | AP6: =ROUND(LOG(AO6, 1.0075), 0) - 700 -> #REF! | AQ6: =IF(AQ17 = "Aero", Stats!X6, IF(AQ17 = "Chassis", Stats!Y6, IF(AQ17 = "Suspension", SUM(Stats!Z6:'Stats'!AA6), 0))) -> 11 | AR6: =IF(AR17 = "Aero", Stats!AL6, IF(AR17 = "Chassis", Stats!AM6, IF(AR17 = "Suspension", Stats!AN6, IF(AR17 = "Engine", Stats!AO6, 0)))) -> #REF! | AS6: =IF(AS17 = "Aero", Stats!AL6, IF(AS17 = "Chassis", Stats!AM6, IF(AS17 = "Suspension", Stats!AN6, IF(AS17 = "Engine", Stats!AO6, 0)))) -> #REF! | AT6: =SUM(H6, AV6:AX6) -> #REF! | AU6: =ROUND(LOG(AT6, 1.0075), 0) - 700 -> #REF! | AV6: =IF(AV17 = "Aero", Stats!X6, IF(AV17 = "Chassis", Stats!Y6, IF(AV17 = "Suspension", SUM(Stats!Z6:'Stats'!AA6), 0))) -> 3 | AW6: =IF(AW17 = "Aero", Stats!AL6, IF(AW17 = "Chassis", Stats!AM6, IF(AW17 = "Suspension", Stats!AN6, IF(AW17 = "Engine", Stats!AO6, 0)))) -> #REF! | AX6: =IF(AX17 = "Aero", Stats!AL6, IF(AX17 = "Chassis", Stats!AM6, IF(AX17 = "Suspension", Stats!AN6, IF(AX17 = "Engine", Stats!AO6, 0)))) -> #REF! | AY6: =SUM(H6, BA6:BC6) -> #REF! | AZ6: =ROUND(LOG(AY6, 1.0075), 0) - 700 -> #REF! | BA6: =IF(BA17 = "Aero", Stats!X6, IF(BA17 = "Chassis", Stats!Y6, IF(BA17 = "Suspension", SUM(Stats!Z6:'Stats'!AA6), 0))) -> 3 | BB6: =IF(BB17 = "Aero", Stats!AL6, IF(BB17 = "Chassis", Stats!AM6, IF(BB17 = "Suspension", Stats!AN6, IF(BB17 = "Engine", Stats!AO6, 0)))) -> #REF! | BC6: =IF(BC17 = "Aero", Stats!AL6, IF(BC17 = "Chassis", Stats!AM6, IF(BC17 = "Suspension", Stats!AN6, IF(BC17 = "Engine", Stats!AO6, 0)))) -> #REF! | BD6: =SUM(H6, BF6:BH6) -> #REF! | BE6: =ROUND(LOG(BD6, 1.0075), 0) - 700 -> #REF! | BF6: =IF(BF17 = "Aero", Stats!X6, IF(BF17 = "Chassis", Stats!Y6, IF(BF17 = "Suspension", SUM(Stats!Z6:'Stats'!AA6), 0))) -> 0 | BG6: =IF(BG17 = "Aero", Stats!AL6, IF(BG17 = "Chassis", Stats!AM6, IF(BG17 = "Suspension", Stats!AN6, IF(BG17 = "Engine", Stats!AO6, 0)))) -> #REF! | BH6: =IF(BH17 = "Aero", Stats!AL6, IF(BH17 = "Chassis", Stats!AM6, IF(BH17 = "Suspension", Stats!AN6, IF(BH17 = "Engine", Stats!AO6, 0)))) -> #REF! | BI6: =SUM(H6, BK6:BM6) -> #REF! | BJ6: =ROUND(LOG(BI6, 1.0075), 0) - 700 -> #REF! | BK6: =IF(BK17 = "Aero", Stats!X6, IF(BK17 = "Chassis", Stats!Y6, IF(BK17 = "Suspension", SUM(Stats!Z6:'Stats'!AA6), 0))) -> 11 | BL6: =IF(BL17 = "Aero", Stats!AL6, IF(BL17 = "Chassis", Stats!AM6, IF(BL17 = "Suspension", Stats!AN6, IF(BL17 = "Engine", Stats!AO6, 0)))) -> #REF! | BM6: =IF(BM17 = "Aero", Stats!AL6, IF(BM17 = "Chassis", Stats!AM6, IF(BM17 = "Suspension", Stats!AN6, IF(BM17 = "Engine", Stats!AO6, 0)))) -> #REF! | BN6: =SUM(H6, BP6:BR6) -> #REF! | BO6: =ROUND(LOG(BN6, 1.0075), 0) - 700 -> #REF! | BP6: =IF(BP17 = "Aero", Stats!X6, IF(BP17 = "Chassis", Stats!Y6, IF(BP17 = "Suspension", SUM(Stats!Z6:'Stats'!AA6), 0))) -> 0 | BQ6: =IF(BQ17 = "Aero", Stats!AL6, IF(BQ17 = "Chassis", Stats!AM6, IF(BQ17 = "Suspension", Stats!AN6, IF(BQ17 = "Engine", Stats!AO6, 0)))) -> #REF! | BR6: =IF(BR17 = "Aero", Stats!AL6, IF(BR17 = "Chassis", Stats!AM6, IF(BR17 = "Suspension", Stats!AN6, IF(BR17 = "Engine", Stats!AO6, 0)))) -> #REF! | BS6: =SUM(H6, BU6:BW6) -> #REF! | BT6: =ROUND(LOG(BS6, 1.0075), 0) - 700 -> #REF! | BU6: =IF(BU17 = "Aero", Stats!X6, IF(BU17 = "Chassis", Stats!Y6, IF(BU17 = "Suspension", SUM(Stats!Z6:'Stats'!AA6), 0))) -> 0 | BV6: =IF(BV17 = "Aero", Stats!AL6, IF(BV17 = "Chassis", Stats!AM6, IF(BV17 = "Suspension", Stats!AN6, IF(BV17 = "Engine", Stats!AO6, 0)))) -> #REF! | BW6: =IF(BW17 = "Aero", Stats!AL6, IF(BW17 = "Chassis", Stats!AM6, IF(BW17 = "Suspension", Stats!AN6, IF(BW17 = "Engine", Stats!AO6, 0)))) -> #REF! | BX6: =SUM(H6, BZ6:CB6) -> #REF! | BY6: =ROUND(LOG(BX6, 1.0075), 0) - 700 -> #REF! | BZ6: =IF(BZ17 = "Aero", Stats!X6, IF(BZ17 = "Chassis", Stats!Y6, IF(BZ17 = "Suspension", SUM(Stats!Z6:'Stats'!AA6), 0))) -> 0 | CA6: =IF(CA17 = "Aero", Stats!AL6, IF(CA17 = "Chassis", Stats!AM6, IF(CA17 = "Suspension", Stats!AN6, IF(CA17 = "Engine", Stats!AO6, 0)))) -> #REF! | CB6: =IF(CB17 = "Aero", Stats!AL6, IF(CB17 = "Chassis", Stats!AM6, IF(CB17 = "Suspension", Stats!AN6, IF(CB17 = "Engine", Stats!AO6, 0)))) -> #REF! | CC6: =ROUND(SUM(K6, P6, U6, Z6, AE6, AJ6, AO6, AT6, AY6, BD6, BI6, BN6, BS6, BX6) / 14, 1) -> #REF! | CD6: =ROUND(SUM(L6, Q6, V6, AA6, AF6, AK6, AP6, AU6, AZ6, BE6, BJ6, BO6, BT6, BY6) / 14, 1) -> #REF! | CG6: 8
B7: =IF(Start!B7 <> "", Start!B7, "") -> Super Corby Racing | C7: =IF(Start!C7 <> "", Start!C7, "") -> Tatuus | D7: =IF(Start!D7 <> "", Start!D7, "") -> Porsche | E7: =IF(Start!E7 <> "", Start!E7, "") -> Michelin | H7: =Stats!AQ7 -> 691 | K7: =SUM(H7, M7:O7) -> #REF! | L7: =ROUND(LOG(K7, 1.0075), 0) - 700 -> #REF! | M7: =IF(M17 = "Aero", Stats!X7, IF(M17 = "Chassis", Stats!Y7, IF(M17 = "Suspension", SUM(Stats!Z7:'Stats'!AA7), 0))) -> 0 | N7: =IF(N17 = "Aero", Stats!AL7, IF(N17 = "Chassis", Stats!AM7, IF(N17 = "Suspension", Stats!AN7, IF(N17 = "Engine", Stats!AO7, 0)))) -> #REF! | O7: =IF(O17 = "Aero", Stats!AL7, IF(O17 = "Chassis", Stats!AM7, IF(O17 = "Suspension", Stats!AN7, IF(O17 = "Engine", Stats!AO7, 0)))) -> #REF! | P7: =SUM(H7, R7:T7) -> #REF! | Q7: =ROUND(LOG(P7, 1.0075), 0) - 700 -> #REF! | R7: =IF(R17 = "Aero", Stats!X7, IF(R17 = "Chassis", Stats!Y7, IF(R17 = "Suspension", SUM(Stats!Z7:'Stats'!AA7), 0))) -> 0 | S7: =IF(S17 = "Aero", Stats!AL7, IF(S17 = "Chassis", Stats!AM7, IF(S17 = "Suspension", Stats!AN7, IF(S17 = "Engine", Stats!AO7, 0)))) -> #REF! | T7: =IF(T17 = "Aero", Stats!AL7, IF(T17 = "Chassis", Stats!AM7, IF(T17 = "Suspension", Stats!AN7, IF(T17 = "Engine", Stats!AO7, 0)))) -> #REF! | U7: =SUM(H7, W7:Y7) -> #N/A | V7: =ROUND(LOG(U7, 1.0075), 0) - 700 -> #N/A | W7: =IF(W17 = "Aero", Stats!X7, IF(W17 = "Chassis", Stats!Y7, IF(W17 = "Suspension", SUM(Stats!Z7:'Stats'!AA7), 0))) -> #N/A | X7: =IF(X17 = "Aero", Stats!AL7, IF(X17 = "Chassis", Stats!AM7, IF(X17 = "Suspension", Stats!AN7, IF(X17 = "Engine", Stats!AO7, 0)))) -> #N/A | Y7: =IF(Y17 = "Aero", Stats!AL7, IF(Y17 = "Chassis", Stats!AM7, IF(Y17 = "Suspension", Stats!AN7, IF(Y17 = "Engine", Stats!AO7, 0)))) -> #N/A | Z7: =SUM(H7, AB7:AD7) -> #REF! | AA7: =ROUND(LOG(Z7, 1.0075), 0) - 700 -> #REF! | AB7: =IF(AB17 = "Aero", Stats!X7, IF(AB17 = "Chassis", Stats!Y7, IF(AB17 = "Suspension", SUM(Stats!Z7:'Stats'!AA7), 0))) -> 0 | AC7: =IF(AC17 = "Aero", Stats!AL7, IF(AC17 = "Chassis", Stats!AM7, IF(AC17 = "Suspension", Stats!AN7, IF(AC17 = "Engine", Stats!AO7, 0)))) -> #REF! | AD7: =IF(AD17 = "Aero", Stats!AL7, IF(AD17 = "Chassis", Stats!AM7, IF(AD17 = "Suspension", Stats!AN7, IF(AD17 = "Engine", Stats!AO7, 0)))) -> #REF! | AE7: =SUM(H7, AG7:AI7) -> #REF! | AF7: =ROUND(LOG(AE7, 1.0075), 0) - 700 -> #REF! | AG7: =IF(AG17 = "Aero", Stats!X7, IF(AG17 = "Chassis", Stats!Y7, IF(AG17 = "Suspension", SUM(Stats!Z7:'Stats'!AA7), 0))) -> 10 | AH7: =IF(AH17 = "Aero", Stats!AL7, IF(AH17 = "Chassis", Stats!AM7, IF(AH17 = "Suspension", Stats!AN7, IF(AH17 = "Engine", Stats!AO7, 0)))) -> #REF! | AI7: =IF(AI17 = "Aero", Stats!AL7, IF(AI17 = "Chassis", Stats!AM7, IF(AI17 = "Suspension", Stats!AN7, IF(AI17 = "Engine", Stats!AO7, 0)))) -> #REF! | AJ7: =SUM(H7, AL7:AN7) -> #REF! | AK7: =ROUND(LOG(AJ7, 1.0075), 0) - 700 -> #REF! | AL7: =IF(AL17 = "Aero", Stats!X7, IF(AL17 = "Chassis", Stats!Y7, IF(AL17 = "Suspension", SUM(Stats!Z7:'Stats'!AA7), 0))) -> 10 | AM7: =IF(AM17 = "Aero", Stats!AL7, IF(AM17 = "Chassis", Stats!AM7, IF(AM17 = "Suspension", Stats!AN7, IF(AM17 = "Engine", Stats!AO7, 0)))) -> #REF! | AN7: =IF(AN17 = "Aero", Stats!AL7, IF(AN17 = "Chassis", Stats!AM7, IF(AN17 = "Suspension", Stats!AN7, IF(AN17 = "Engine", Stats!AO7, 0)))) -> #REF! | AO7: =SUM(H7, AQ7:AS7) -> #REF! | AP7: =ROUND(LOG(AO7, 1.0075), 0) - 700 -> #REF! | AQ7: =IF(AQ17 = "Aero", Stats!X7, IF(AQ17 = "Chassis", Stats!Y7, IF(AQ17 = "Suspension", SUM(Stats!Z7:'Stats'!AA7), 0))) -> 10 | AR7: =IF(AR17 = "Aero", Stats!AL7, IF(AR17 = "Chassis", Stats!AM7, IF(AR17 = "Suspension", Stats!AN7, IF(AR17 = "Engine", Stats!AO7, 0)))) -> #REF! | AS7: =IF(AS17 = "Aero", Stats!AL7, IF(AS17 = "Chassis", Stats!AM7, IF(AS17 = "Suspension", Stats!AN7, IF(AS17 = "Engine", Stats!AO7, 0)))) -> #REF! | AT7: =SUM(H7, AV7:AX7) -> #REF! | AU7: =ROUND(LOG(AT7, 1.0075), 0) - 700 -> #REF! | AV7: =IF(AV17 = "Aero", Stats!X7, IF(AV17 = "Chassis", Stats!Y7, IF(AV17 = "Suspension", SUM(Stats!Z7:'Stats'!AA7), 0))) -> 8 | AW7: =IF(AW17 = "Aero", Stats!AL7, IF(AW17 = "Chassis", Stats!AM7, IF(AW17 = "Suspension", Stats!AN7, IF(AW17 = "Engine", Stats!AO7, 0)))) -> #REF! | AX7: =IF(AX17 = "Aero", Stats!AL7, IF(AX17 = "Chassis", Stats!AM7, IF(AX17 = "Suspension", Stats!AN7, IF(AX17 = "Engine", Stats!AO7, 0)))) -> #REF! | AY7: =SUM(H7, BA7:BC7) -> #REF! | AZ7: =ROUND(LOG(AY7, 1.0075), 0) - 700 -> #REF! | BA7: =IF(BA17 = "Aero", Stats!X7, IF(BA17 = "Chassis", Stats!Y7, IF(BA17 = "Suspension", SUM(Stats!Z7:'Stats'!AA7), 0))) -> 8 | BB7: =IF(BB17 = "Aero", Stats!AL7, IF(BB17 = "Chassis", Stats!AM7, IF(BB17 = "Suspension", Stats!AN7, IF(BB17 = "Engine", Stats!AO7, 0)))) -> #REF! | BC7: =IF(BC17 = "Aero", Stats!AL7, IF(BC17 = "Chassis", Stats!AM7, IF(BC17 = "Suspension", Stats!AN7, IF(BC17 = "Engine", Stats!AO7, 0)))) -> #REF! | BD7: =SUM(H7, BF7:BH7) -> #REF! | BE7: =ROUND(LOG(BD7, 1.0075), 0) - 700 -> #REF! | BF7: =IF(BF17 = "Aero", Stats!X7, IF(BF17 = "Chassis", Stats!Y7, IF(BF17 = "Suspension", SUM(Stats!Z7:'Stats'!AA7), 0))) -> 0 | BG7: =IF(BG17 = "Aero", Stats!AL7, IF(BG17 = "Chassis", Stats!AM7, IF(BG17 = "Suspension", Stats!AN7, IF(BG17 = "Engine", Stats!AO7, 0)))) -> #REF! | BH7: =IF(BH17 = "Aero", Stats!AL7, IF(BH17 = "Chassis", Stats!AM7, IF(BH17 = "Suspension", Stats!AN7, IF(BH17 = "Engine", Stats!AO7, 0)))) -> #REF! | BI7: =SUM(H7, BK7:BM7) -> #REF! | BJ7: =ROUND(LOG(BI7, 1.0075), 0) - 700 -> #REF! | BK7: =IF(BK17 = "Aero", Stats!X7, IF(BK17 = "Chassis", Stats!Y7, IF(BK17 = "Suspension", SUM(Stats!Z7:'Stats'!AA7), 0))) -> 10 | BL7: =IF(BL17 = "Aero", Stats!AL7, IF(BL17 = "Chassis", Stats!AM7, IF(BL17 = "Suspension", Stats!AN7, IF(BL17 = "Engine", Stats!AO7, 0)))) -> #REF! | BM7: =IF(BM17 = "Aero", Stats!AL7, IF(BM17 = "Chassis", Stats!AM7, IF(BM17 = "Suspension", Stats!AN7, IF(BM17 = "Engine", Stats!AO7, 0)))) -> #REF! | BN7: =SUM(H7, BP7:BR7) -> #REF! | BO7: =ROUND(LOG(BN7, 1.0075), 0) - 700 -> #REF! | BP7: =IF(BP17 = "Aero", Stats!X7, IF(BP17 = "Chassis", Stats!Y7, IF(BP17 = "Suspension", SUM(Stats!Z7:'Stats'!AA7), 0))) -> 0 | BQ7: =IF(BQ17 = "Aero", Stats!AL7, IF(BQ17 = "Chassis", Stats!AM7, IF(BQ17 = "Suspension", Stats!AN7, IF(BQ17 = "Engine", Stats!AO7, 0)))) -> #REF! | BR7: =IF(BR17 = "Aero", Stats!AL7, IF(BR17 = "Chassis", Stats!AM7, IF(BR17 = "Suspension", Stats!AN7, IF(BR17 = "Engine", Stats!AO7, 0)))) -> #REF! | BS7: =SUM(H7, BU7:BW7) -> #REF! | BT7: =ROUND(LOG(BS7, 1.0075), 0) - 700 -> #REF! | BU7: =IF(BU17 = "Aero", Stats!X7, IF(BU17 = "Chassis", Stats!Y7, IF(BU17 = "Suspension", SUM(Stats!Z7:'Stats'!AA7), 0))) -> 0 | BV7: =IF(BV17 = "Aero", Stats!AL7, IF(BV17 = "Chassis", Stats!AM7, IF(BV17 = "Suspension", Stats!AN7, IF(BV17 = "Engine", Stats!AO7, 0)))) -> #REF! | BW7: =IF(BW17 = "Aero", Stats!AL7, IF(BW17 = "Chassis", Stats!AM7, IF(BW17 = "Suspension", Stats!AN7, IF(BW17 = "Engine", Stats!AO7, 0)))) -> #REF! | BX7: =SUM(H7, BZ7:CB7) -> #REF! | BY7: =ROUND(LOG(BX7, 1.0075), 0) - 700 -> #REF! | BZ7: =IF(BZ17 = "Aero", Stats!X7, IF(BZ17 = "Chassis", Stats!Y7, IF(BZ17 = "Suspension", SUM(Stats!Z7:'Stats'!AA7), 0))) -> 0 | CA7: =IF(CA17 = "Aero", Stats!AL7, IF(CA17 = "Chassis", Stats!AM7, IF(CA17 = "Suspension", Stats!AN7, IF(CA17 = "Engine", Stats!AO7, 0)))) -> #REF! | CB7: =IF(CB17 = "Aero", Stats!AL7, IF(CB17 = "Chassis", Stats!AM7, IF(CB17 = "Suspension", Stats!AN7, IF(CB17 = "Engine", Stats!AO7, 0)))) -> #REF! | CC7: =ROUND(SUM(K7, P7, U7, Z7, AE7, AJ7, AO7, AT7, AY7, BD7, BI7, BN7, BS7, BX7) / 14, 1) -> #REF! | CD7: =ROUND(SUM(L7, Q7, V7, AA7, AF7, AK7, AP7, AU7, AZ7, BE7, BJ7, BO7, BT7, BY7) / 14, 1) -> #REF! | CG7: 7
B8: =IF(Start!B8 <> "", Start!B8, "") -> Blue Flag Racing | C8: =IF(Start!C8 <> "", Start!C8, "") -> Reynard | D8: =IF(Start!D8 <> "", Start!D8, "") -> Honda | E8: =IF(Start!E8 <> "", Start!E8, "") -> Firestone | H8: =Stats!AQ8 -> 699 | K8: =SUM(H8, M8:O8) -> #REF! | L8: =ROUND(LOG(K8, 1.0075), 0) - 700 -> #REF! | M8: =IF(M17 = "Aero", Stats!X8, IF(M17 = "Chassis", Stats!Y8, IF(M17 = "Suspension", SUM(Stats!Z8:'Stats'!AA8), 0))) -> 0 | N8: =IF(N17 = "Aero", Stats!AL8, IF(N17 = "Chassis", Stats!AM8, IF(N17 = "Suspension", Stats!AN8, IF(N17 = "Engine", Stats!AO8, 0)))) -> #REF! | O8: =IF(O17 = "Aero", Stats!AL8, IF(O17 = "Chassis", Stats!AM8, IF(O17 = "Suspension", Stats!AN8, IF(O17 = "Engine", Stats!AO8, 0)))) -> #REF! | P8: =SUM(H8, R8:T8) -> #REF! | Q8: =ROUND(LOG(P8, 1.0075), 0) - 700 -> #REF! | R8: =IF(R17 = "Aero", Stats!X8, IF(R17 = "Chassis", Stats!Y8, IF(R17 = "Suspension", SUM(Stats!Z8:'Stats'!AA8), 0))) -> 0 | S8: =IF(S17 = "Aero", Stats!AL8, IF(S17 = "Chassis", Stats!AM8, IF(S17 = "Suspension", Stats!AN8, IF(S17 = "Engine", Stats!AO8, 0)))) -> #REF! | T8: =IF(T17 = "Aero", Stats!AL8, IF(T17 = "Chassis", Stats!AM8, IF(T17 = "Suspension", Stats!AN8, IF(T17 = "Engine", Stats!AO8, 0)))) -> #REF! | U8: =SUM(H8, W8:Y8) -> #N/A | V8: =ROUND(LOG(U8, 1.0075), 0) - 700 -> #N/A | W8: =IF(W17 = "Aero", Stats!X8, IF(W17 = "Chassis", Stats!Y8, IF(W17 = "Suspension", SUM(Stats!Z8:'Stats'!AA8), 0))) -> #N/A | X8: =IF(X17 = "Aero", Stats!AL8, IF(X17 = "Chassis", Stats!AM8, IF(X17 = "Suspension", Stats!AN8, IF(X17 = "Engine", Stats!AO8, 0)))) -> #N/A | Y8: =IF(Y17 = "Aero", Stats!AL8, IF(Y17 = "Chassis", Stats!AM8, IF(Y17 = "Suspension", Stats!AN8, IF(Y17 = "Engine", Stats!AO8, 0)))) -> #N/A | Z8: =SUM(H8, AB8:AD8) -> #REF! | AA8: =ROUND(LOG(Z8, 1.0075), 0) - 700 -> #REF! | AB8: =IF(AB17 = "Aero", Stats!X8, IF(AB17 = "Chassis", Stats!Y8, IF(AB17 = "Suspension", SUM(Stats!Z8:'Stats'!AA8), 0))) -> 0 | AC8: =IF(AC17 = "Aero", Stats!AL8, IF(AC17 = "Chassis", Stats!AM8, IF(AC17 = "Suspension", Stats!AN8, IF(AC17 = "Engine", Stats!AO8, 0)))) -> #REF! | AD8: =IF(AD17 = "Aero", Stats!AL8, IF(AD17 = "Chassis", Stats!AM8, IF(AD17 = "Suspension", Stats!AN8, IF(AD17 = "Engine", Stats!AO8, 0)))) -> #REF! | AE8: =SUM(H8, AG8:AI8) -> #REF! | AF8: =ROUND(LOG(AE8, 1.0075), 0) - 700 -> #REF! | AG8: =IF(AG17 = "Aero", Stats!X8, IF(AG17 = "Chassis", Stats!Y8, IF(AG17 = "Suspension", SUM(Stats!Z8:'Stats'!AA8), 0))) -> 10 | AH8: =IF(AH17 = "Aero", Stats!AL8, IF(AH17 = "Chassis", Stats!AM8, IF(AH17 = "Suspension", Stats!AN8, IF(AH17 = "Engine", Stats!AO8, 0)))) -> #REF! | AI8: =IF(AI17 = "Aero", Stats!AL8, IF(AI17 = "Chassis", Stats!AM8, IF(AI17 = "Suspension", Stats!AN8, IF(AI17 = "Engine", Stats!AO8, 0)))) -> #REF! | AJ8: =SUM(H8, AL8:AN8) -> #REF! | AK8: =ROUND(LOG(AJ8, 1.0075), 0) - 700 -> #REF! | AL8: =IF(AL17 = "Aero", Stats!X8, IF(AL17 = "Chassis", Stats!Y8, IF(AL17 = "Suspension", SUM(Stats!Z8:'Stats'!AA8), 0))) -> 10 | AM8: =IF(AM17 = "Aero", Stats!AL8, IF(AM17 = "Chassis", Stats!AM8, IF(AM17 = "Suspension", Stats!AN8, IF(AM17 = "Engine", Stats!AO8, 0)))) -> #REF! | AN8: =IF(AN17 = "Aero", Stats!AL8, IF(AN17 = "Chassis", Stats!AM8, IF(AN17 = "Suspension", Stats!AN8, IF(AN17 = "Engine", Stats!AO8, 0)))) -> #REF! | AO8: =SUM(H8, AQ8:AS8) -> #REF! | AP8: =ROUND(LOG(AO8, 1.0075), 0) - 700 -> #REF! | AQ8: =IF(AQ17 = "Aero", Stats!X8, IF(AQ17 = "Chassis", Stats!Y8, IF(AQ17 = "Suspension", SUM(Stats!Z8:'Stats'!AA8), 0))) -> 10 | AR8: =IF(AR17 = "Aero", Stats!AL8, IF(AR17 = "Chassis", Stats!AM8, IF(AR17 = "Suspension", Stats!AN8, IF(AR17 = "Engine", Stats!AO8, 0)))) -> #REF! | AS8: =IF(AS17 = "Aero", Stats!AL8, IF(AS17 = "Chassis", Stats!AM8, IF(AS17 = "Suspension", Stats!AN8, IF(AS17 = "Engine", Stats!AO8, 0)))) -> #REF! | AT8: =SUM(H8, AV8:AX8) -> #REF! | AU8: =ROUND(LOG(AT8, 1.0075), 0) - 700 -> #REF! | AV8: =IF(AV17 = "Aero", Stats!X8, IF(AV17 = "Chassis", Stats!Y8, IF(AV17 = "Suspension", SUM(Stats!Z8:'Stats'!AA8), 0))) -> 8 | AW8: =IF(AW17 = "Aero", Stats!AL8, IF(AW17 = "Chassis", Stats!AM8, IF(AW17 = "Suspension", Stats!AN8, IF(AW17 = "Engine", Stats!AO8, 0)))) -> #REF! | AX8: =IF(AX17 = "Aero", Stats!AL8, IF(AX17 = "Chassis", Stats!AM8, IF(AX17 = "Suspension", Stats!AN8, IF(AX17 = "Engine", Stats!AO8, 0)))) -> #REF! | AY8: =SUM(H8, BA8:BC8) -> #REF! | AZ8: =ROUND(LOG(AY8, 1.0075), 0) - 700 -> #REF! | BA8: =IF(BA17 = "Aero", Stats!X8, IF(BA17 = "Chassis", Stats!Y8, IF(BA17 = "Suspension", SUM(Stats!Z8:'Stats'!AA8), 0))) -> 8 | BB8: =IF(BB17 = "Aero", Stats!AL8, IF(BB17 = "Chassis", Stats!AM8, IF(BB17 = "Suspension", Stats!AN8, IF(BB17 = "Engine", Stats!AO8, 0)))) -> #REF! | BC8: =IF(BC17 = "Aero", Stats!AL8, IF(BC17 = "Chassis", Stats!AM8, IF(BC17 = "Suspension", Stats!AN8, IF(BC17 = "Engine", Stats!AO8, 0)))) -> #REF! | BD8: =SUM(H8, BF8:BH8) -> #REF! | BE8: =ROUND(LOG(BD8, 1.0075), 0) - 700 -> #REF! | BF8: =IF(BF17 = "Aero", Stats!X8, IF(BF17 = "Chassis", Stats!Y8, IF(BF17 = "Suspension", SUM(Stats!Z8:'Stats'!AA8), 0))) -> 0 | BG8: =IF(BG17 = "Aero", Stats!AL8, IF(BG17 = "Chassis", Stats!AM8, IF(BG17 = "Suspension", Stats!AN8, IF(BG17 = "Engine", Stats!AO8, 0)))) -> #REF! | BH8: =IF(BH17 = "Aero", Stats!AL8, IF(BH17 = "Chassis", Stats!AM8, IF(BH17 = "Suspension", Stats!AN8, IF(BH17 = "Engine", Stats!AO8, 0)))) -> #REF! | BI8: =SUM(H8, BK8:BM8) -> #REF! | BJ8: =ROUND(LOG(BI8, 1.0075), 0) - 700 -> #REF! | BK8: =IF(BK17 = "Aero", Stats!X8, IF(BK17 = "Chassis", Stats!Y8, IF(BK17 = "Suspension", SUM(Stats!Z8:'Stats'!AA8), 0))) -> 10 | BL8: =IF(BL17 = "Aero", Stats!AL8, IF(BL17 = "Chassis", Stats!AM8, IF(BL17 = "Suspension", Stats!AN8, IF(BL17 = "Engine", Stats!AO8, 0)))) -> #REF! | BM8: =IF(BM17 = "Aero", Stats!AL8, IF(BM17 = "Chassis", Stats!AM8, IF(BM17 = "Suspension", Stats!AN8, IF(BM17 = "Engine", Stats!AO8, 0)))) -> #REF! | BN8: =SUM(H8, BP8:BR8) -> #REF! | BO8: =ROUND(LOG(BN8, 1.0075), 0) - 700 -> #REF! | BP8: =IF(BP17 = "Aero", Stats!X8, IF(BP17 = "Chassis", Stats!Y8, IF(BP17 = "Suspension", SUM(Stats!Z8:'Stats'!AA8), 0))) -> 0 | BQ8: =IF(BQ17 = "Aero", Stats!AL8, IF(BQ17 = "Chassis", Stats!AM8, IF(BQ17 = "Suspension", Stats!AN8, IF(BQ17 = "Engine", Stats!AO8, 0)))) -> #REF! | BR8: =IF(BR17 = "Aero", Stats!AL8, IF(BR17 = "Chassis", Stats!AM8, IF(BR17 = "Suspension", Stats!AN8, IF(BR17 = "Engine", Stats!AO8, 0)))) -> #REF! | BS8: =SUM(H8, BU8:BW8) -> #REF! | BT8: =ROUND(LOG(BS8, 1.0075), 0) - 700 -> #REF! | BU8: =IF(BU17 = "Aero", Stats!X8, IF(BU17 = "Chassis", Stats!Y8, IF(BU17 = "Suspension", SUM(Stats!Z8:'Stats'!AA8), 0))) -> 0 | BV8: =IF(BV17 = "Aero", Stats!AL8, IF(BV17 = "Chassis", Stats!AM8, IF(BV17 = "Suspension", Stats!AN8, IF(BV17 = "Engine", Stats!AO8, 0)))) -> #REF! | BW8: =IF(BW17 = "Aero", Stats!AL8, IF(BW17 = "Chassis", Stats!AM8, IF(BW17 = "Suspension", Stats!AN8, IF(BW17 = "Engine", Stats!AO8, 0)))) -> #REF! | BX8: =SUM(H8, BZ8:CB8) -> #REF! | BY8: =ROUND(LOG(BX8, 1.0075), 0) - 700 -> #REF! | BZ8: =IF(BZ17 = "Aero", Stats!X8, IF(BZ17 = "Chassis", Stats!Y8, IF(BZ17 = "Suspension", SUM(Stats!Z8:'Stats'!AA8), 0))) -> 0 | CA8: =IF(CA17 = "Aero", Stats!AL8, IF(CA17 = "Chassis", Stats!AM8, IF(CA17 = "Suspension", Stats!AN8, IF(CA17 = "Engine", Stats!AO8, 0)))) -> #REF! | CB8: =IF(CB17 = "Aero", Stats!AL8, IF(CB17 = "Chassis", Stats!AM8, IF(CB17 = "Suspension", Stats!AN8, IF(CB17 = "Engine", Stats!AO8, 0)))) -> #REF! | CC8: =ROUND(SUM(K8, P8, U8, Z8, AE8, AJ8, AO8, AT8, AY8, BD8, BI8, BN8, BS8, BX8) / 14, 1) -> #REF! | CD8: =ROUND(SUM(L8, Q8, V8, AA8, AF8, AK8, AP8, AU8, AZ8, BE8, BJ8, BO8, BT8, BY8) / 14, 1) -> #REF! | CG8: 2
B9: =IF(Start!B9 <> "", Start!B9, "") -> 98-99 Racing | C9: =IF(Start!C9 <> "", Start!C9, "") -> March | D9: =IF(Start!D9 <> "", Start!D9, "") -> Porsche | E9: =IF(Start!E9 <> "", Start!E9, "") -> Pirelli | H9: =Stats!AQ9 -> 694 | K9: =SUM(H9, M9:O9) -> #REF! | L9: =ROUND(LOG(K9, 1.0075), 0) - 700 -> #REF! | M9: =IF(M17 = "Aero", Stats!X9, IF(M17 = "Chassis", Stats!Y9, IF(M17 = "Suspension", SUM(Stats!Z9:'Stats'!AA9), 0))) -> 0 | N9: =IF(N17 = "Aero", Stats!AL9, IF(N17 = "Chassis", Stats!AM9, IF(N17 = "Suspension", Stats!AN9, IF(N17 = "Engine", Stats!AO9, 0)))) -> #REF! | O9: =IF(O17 = "Aero", Stats!AL9, IF(O17 = "Chassis", Stats!AM9, IF(O17 = "Suspension", Stats!AN9, IF(O17 = "Engine", Stats!AO9, 0)))) -> #REF! | P9: =SUM(H9, R9:T9) -> #REF! | Q9: =ROUND(LOG(P9, 1.0075), 0) - 700 -> #REF! | R9: =IF(R17 = "Aero", Stats!X9, IF(R17 = "Chassis", Stats!Y9, IF(R17 = "Suspension", SUM(Stats!Z9:'Stats'!AA9), 0))) -> 0 | S9: =IF(S17 = "Aero", Stats!AL9, IF(S17 = "Chassis", Stats!AM9, IF(S17 = "Suspension", Stats!AN9, IF(S17 = "Engine", Stats!AO9, 0)))) -> #REF! | T9: =IF(T17 = "Aero", Stats!AL9, IF(T17 = "Chassis", Stats!AM9, IF(T17 = "Suspension", Stats!AN9, IF(T17 = "Engine", Stats!AO9, 0)))) -> #REF! | U9: =SUM(H9, W9:Y9) -> #N/A | V9: =ROUND(LOG(U9, 1.0075), 0) - 700 -> #N/A | W9: =IF(W17 = "Aero", Stats!X9, IF(W17 = "Chassis", Stats!Y9, IF(W17 = "Suspension", SUM(Stats!Z9:'Stats'!AA9), 0))) -> #N/A | X9: =IF(X17 = "Aero", Stats!AL9, IF(X17 = "Chassis", Stats!AM9, IF(X17 = "Suspension", Stats!AN9, IF(X17 = "Engine", Stats!AO9, 0)))) -> #N/A | Y9: =IF(Y17 = "Aero", Stats!AL9, IF(Y17 = "Chassis", Stats!AM9, IF(Y17 = "Suspension", Stats!AN9, IF(Y17 = "Engine", Stats!AO9, 0)))) -> #N/A | Z9: =SUM(H9, AB9:AD9) -> #REF! | AA9: =ROUND(LOG(Z9, 1.0075), 0) - 700 -> #REF! | AB9: =IF(AB17 = "Aero", Stats!X9, IF(AB17 = "Chassis", Stats!Y9, IF(AB17 = "Suspension", SUM(Stats!Z9:'Stats'!AA9), 0))) -> 0 | AC9: =IF(AC17 = "Aero", Stats!AL9, IF(AC17 = "Chassis", Stats!AM9, IF(AC17 = "Suspension", Stats!AN9, IF(AC17 = "Engine", Stats!AO9, 0)))) -> #REF! | AD9: =IF(AD17 = "Aero", Stats!AL9, IF(AD17 = "Chassis", Stats!AM9, IF(AD17 = "Suspension", Stats!AN9, IF(AD17 = "Engine", Stats!AO9, 0)))) -> #REF! | AE9: =SUM(H9, AG9:AI9) -> #REF! | AF9: =ROUND(LOG(AE9, 1.0075), 0) - 700 -> #REF! | AG9: =IF(AG17 = "Aero", Stats!X9, IF(AG17 = "Chassis", Stats!Y9, IF(AG17 = "Suspension", SUM(Stats!Z9:'Stats'!AA9), 0))) -> 14 | AH9: =IF(AH17 = "Aero", Stats!AL9, IF(AH17 = "Chassis", Stats!AM9, IF(AH17 = "Suspension", Stats!AN9, IF(AH17 = "Engine", Stats!AO9, 0)))) -> #REF! | AI9: =IF(AI17 = "Aero", Stats!AL9, IF(AI17 = "Chassis", Stats!AM9, IF(AI17 = "Suspension", Stats!AN9, IF(AI17 = "Engine", Stats!AO9, 0)))) -> #REF! | AJ9: =SUM(H9, AL9:AN9) -> #REF! | AK9: =ROUND(LOG(AJ9, 1.0075), 0) - 700 -> #REF! | AL9: =IF(AL17 = "Aero", Stats!X9, IF(AL17 = "Chassis", Stats!Y9, IF(AL17 = "Suspension", SUM(Stats!Z9:'Stats'!AA9), 0))) -> 14 | AM9: =IF(AM17 = "Aero", Stats!AL9, IF(AM17 = "Chassis", Stats!AM9, IF(AM17 = "Suspension", Stats!AN9, IF(AM17 = "Engine", Stats!AO9, 0)))) -> #REF! | AN9: =IF(AN17 = "Aero", Stats!AL9, IF(AN17 = "Chassis", Stats!AM9, IF(AN17 = "Suspension", Stats!AN9, IF(AN17 = "Engine", Stats!AO9, 0)))) -> #REF! | AO9: =SUM(H9, AQ9:AS9) -> #REF! | AP9: =ROUND(LOG(AO9, 1.0075), 0) - 700 -> #REF! | AQ9: =IF(AQ17 = "Aero", Stats!X9, IF(AQ17 = "Chassis", Stats!Y9, IF(AQ17 = "Suspension", SUM(Stats!Z9:'Stats'!AA9), 0))) -> 14 | AR9: =IF(AR17 = "Aero", Stats!AL9, IF(AR17 = "Chassis", Stats!AM9, IF(AR17 = "Suspension", Stats!AN9, IF(AR17 = "Engine", Stats!AO9, 0)))) -> #REF! | AS9: =IF(AS17 = "Aero", Stats!AL9, IF(AS17 = "Chassis", Stats!AM9, IF(AS17 = "Suspension", Stats!AN9, IF(AS17 = "Engine", Stats!AO9, 0)))) -> #REF! | AT9: =SUM(H9, AV9:AX9) -> #REF! | AU9: =ROUND(LOG(AT9, 1.0075), 0) - 700 -> #REF! | AV9: =IF(AV17 = "Aero", Stats!X9, IF(AV17 = "Chassis", Stats!Y9, IF(AV17 = "Suspension", SUM(Stats!Z9:'Stats'!AA9), 0))) -> 4 | AW9: =IF(AW17 = "Aero", Stats!AL9, IF(AW17 = "Chassis", Stats!AM9, IF(AW17 = "Suspension", Stats!AN9, IF(AW17 = "Engine", Stats!AO9, 0)))) -> #REF! | AX9: =IF(AX17 = "Aero", Stats!AL9, IF(AX17 = "Chassis", Stats!AM9, IF(AX17 = "Suspension", Stats!AN9, IF(AX17 = "Engine", Stats!AO9, 0)))) -> #REF! | AY9: =SUM(H9, BA9:BC9) -> #REF! | AZ9: =ROUND(LOG(AY9, 1.0075), 0) - 700 -> #REF! | BA9: =IF(BA17 = "Aero", Stats!X9, IF(BA17 = "Chassis", Stats!Y9, IF(BA17 = "Suspension", SUM(Stats!Z9:'Stats'!AA9), 0))) -> 4 | BB9: =IF(BB17 = "Aero", Stats!AL9, IF(BB17 = "Chassis", Stats!AM9, IF(BB17 = "Suspension", Stats!AN9, IF(BB17 = "Engine", Stats!AO9, 0)))) -> #REF! | BC9: =IF(BC17 = "Aero", Stats!AL9, IF(BC17 = "Chassis", Stats!AM9, IF(BC17 = "Suspension", Stats!AN9, IF(BC17 = "Engine", Stats!AO9, 0)))) -> #REF! | BD9: =SUM(H9, BF9:BH9) -> #REF! | BE9: =ROUND(LOG(BD9, 1.0075), 0) - 700 -> #REF! | BF9: =IF(BF17 = "Aero", Stats!X9, IF(BF17 = "Chassis", Stats!Y9, IF(BF17 = "Suspension", SUM(Stats!Z9:'Stats'!AA9), 0))) -> 0 | BG9: =IF(BG17 = "Aero", Stats!AL9, IF(BG17 = "Chassis", Stats!AM9, IF(BG17 = "Suspension", Stats!AN9, IF(BG17 = "Engine", Stats!AO9, 0)))) -> #REF! | BH9: =IF(BH17 = "Aero", Stats!AL9, IF(BH17 = "Chassis", Stats!AM9, IF(BH17 = "Suspension", Stats!AN9, IF(BH17 = "Engine", Stats!AO9, 0)))) -> #REF! | BI9: =SUM(H9, BK9:BM9) -> #REF! | BJ9: =ROUND(LOG(BI9, 1.0075), 0) - 700 -> #REF! | BK9: =IF(BK17 = "Aero", Stats!X9, IF(BK17 = "Chassis", Stats!Y9, IF(BK17 = "Suspension", SUM(Stats!Z9:'Stats'!AA9), 0))) -> 14 | BL9: =IF(BL17 = "Aero", Stats!AL9, IF(BL17 = "Chassis", Stats!AM9, IF(BL17 = "Suspension", Stats!AN9, IF(BL17 = "Engine", Stats!AO9, 0)))) -> #REF! | BM9: =IF(BM17 = "Aero", Stats!AL9, IF(BM17 = "Chassis", Stats!AM9, IF(BM17 = "Suspension", Stats!AN9, IF(BM17 = "Engine", Stats!AO9, 0)))) -> #REF! | BN9: =SUM(H9, BP9:BR9) -> #REF! | BO9: =ROUND(LOG(BN9, 1.0075), 0) - 700 -> #REF! | BP9: =IF(BP17 = "Aero", Stats!X9, IF(BP17 = "Chassis", Stats!Y9, IF(BP17 = "Suspension", SUM(Stats!Z9:'Stats'!AA9), 0))) -> 0 | BQ9: =IF(BQ17 = "Aero", Stats!AL9, IF(BQ17 = "Chassis", Stats!AM9, IF(BQ17 = "Suspension", Stats!AN9, IF(BQ17 = "Engine", Stats!AO9, 0)))) -> #REF! | BR9: =IF(BR17 = "Aero", Stats!AL9, IF(BR17 = "Chassis", Stats!AM9, IF(BR17 = "Suspension", Stats!AN9, IF(BR17 = "Engine", Stats!AO9, 0)))) -> #REF! | BS9: =SUM(H9, BU9:BW9) -> #REF! | BT9: =ROUND(LOG(BS9, 1.0075), 0) - 700 -> #REF! | BU9: =IF(BU17 = "Aero", Stats!X9, IF(BU17 = "Chassis", Stats!Y9, IF(BU17 = "Suspension", SUM(Stats!Z9:'Stats'!AA9), 0))) -> 0 | BV9: =IF(BV17 = "Aero", Stats!AL9, IF(BV17 = "Chassis", Stats!AM9, IF(BV17 = "Suspension", Stats!AN9, IF(BV17 = "Engine", Stats!AO9, 0)))) -> #REF! | BW9: =IF(BW17 = "Aero", Stats!AL9, IF(BW17 = "Chassis", Stats!AM9, IF(BW17 = "Suspension", Stats!AN9, IF(BW17 = "Engine", Stats!AO9, 0)))) -> #REF! | BX9: =SUM(H9, BZ9:CB9) -> #REF! | BY9: =ROUND(LOG(BX9, 1.0075), 0) - 700 -> #REF! | BZ9: =IF(BZ17 = "Aero", Stats!X9, IF(BZ17 = "Chassis", Stats!Y9, IF(BZ17 = "Suspension", SUM(Stats!Z9:'Stats'!AA9), 0))) -> 0 | CA9: =IF(CA17 = "Aero", Stats!AL9, IF(CA17 = "Chassis", Stats!AM9, IF(CA17 = "Suspension", Stats!AN9, IF(CA17 = "Engine", Stats!AO9, 0)))) -> #REF! | CB9: =IF(CB17 = "Aero", Stats!AL9, IF(CB17 = "Chassis", Stats!AM9, IF(CB17 = "Suspension", Stats!AN9, IF(CB17 = "Engine", Stats!AO9, 0)))) -> #REF! | CC9: =ROUND(SUM(K9, P9, U9, Z9, AE9, AJ9, AO9, AT9, AY9, BD9, BI9, BN9, BS9, BX9) / 14, 1) -> #REF! | CD9: =ROUND(SUM(L9, Q9, V9, AA9, AF9, AK9, AP9, AU9, AZ9, BE9, BJ9, BO9, BT9, BY9) / 14, 1) -> #REF! | CG9: 5
B10: =IF(Start!B10 <> "", Start!B10, "") -> Project D Racing | C10: =IF(Start!C10 <> "", Start!C10, "") -> Reynard | D10: =IF(Start!D10 <> "", Start!D10, "") -> Toyota | E10: =IF(Start!E10 <> "", Start!E10, "") -> Michelin | H10: =Stats!AQ10 -> 685 | K10: =SUM(H10, M10:O10) -> #REF! | L10: =ROUND(LOG(K10, 1.0075), 0) - 700 -> #REF! | M10: =IF(M17 = "Aero", Stats!X10, IF(M17 = "Chassis", Stats!Y10, IF(M17 = "Suspension", SUM(Stats!Z10:'Stats'!AA10), 0))) -> 0 | N10: =IF(N17 = "Aero", Stats!AL10, IF(N17 = "Chassis", Stats!AM10, IF(N17 = "Suspension", Stats!AN10, IF(N17 = "Engine", Stats!AO10, 0)))) -> #REF! | O10: =IF(O17 = "Aero", Stats!AL10, IF(O17 = "Chassis", Stats!AM10, IF(O17 = "Suspension", Stats!AN10, IF(O17 = "Engine", Stats!AO10, 0)))) -> #REF! | P10: =SUM(H10, R10:T10) -> #REF! | Q10: =ROUND(LOG(P10, 1.0075), 0) - 700 -> #REF! | R10: =IF(R17 = "Aero", Stats!X10, IF(R17 = "Chassis", Stats!Y10, IF(R17 = "Suspension", SUM(Stats!Z10:'Stats'!AA10), 0))) -> 0 | S10: =IF(S17 = "Aero", Stats!AL10, IF(S17 = "Chassis", Stats!AM10, IF(S17 = "Suspension", Stats!AN10, IF(S17 = "Engine", Stats!AO10, 0)))) -> #REF! | T10: =IF(T17 = "Aero", Stats!AL10, IF(T17 = "Chassis", Stats!AM10, IF(T17 = "Suspension", Stats!AN10, IF(T17 = "Engine", Stats!AO10, 0)))) -> #REF! | U10: =SUM(H10, W10:Y10) -> #N/A | V10: =ROUND(LOG(U10, 1.0075), 0) - 700 -> #N/A | W10: =IF(W17 = "Aero", Stats!X10, IF(W17 = "Chassis", Stats!Y10, IF(W17 = "Suspension", SUM(Stats!Z10:'Stats'!AA10), 0))) -> #N/A | X10: =IF(X17 = "Aero", Stats!AL10, IF(X17 = "Chassis", Stats!AM10, IF(X17 = "Suspension", Stats!AN10, IF(X17 = "Engine", Stats!AO10, 0)))) -> #N/A | Y10: =IF(Y17 = "Aero", Stats!AL10, IF(Y17 = "Chassis", Stats!AM10, IF(Y17 = "Suspension", Stats!AN10, IF(Y17 = "Engine", Stats!AO10, 0)))) -> #N/A | Z10: =SUM(H10, AB10:AD10) -> #REF! | AA10: =ROUND(LOG(Z10, 1.0075), 0) - 700 -> #REF! | AB10: =IF(AB17 = "Aero", Stats!X10, IF(AB17 = "Chassis", Stats!Y10, IF(AB17 = "Suspension", SUM(Stats!Z10:'Stats'!AA10), 0))) -> 0 | AC10: =IF(AC17 = "Aero", Stats!AL10, IF(AC17 = "Chassis", Stats!AM10, IF(AC17 = "Suspension", Stats!AN10, IF(AC17 = "Engine", Stats!AO10, 0)))) -> #REF! | AD10: =IF(AD17 = "Aero", Stats!AL10, IF(AD17 = "Chassis", Stats!AM10, IF(AD17 = "Suspension", Stats!AN10, IF(AD17 = "Engine", Stats!AO10, 0)))) -> #REF! | AE10: =SUM(H10, AG10:AI10) -> #REF! | AF10: =ROUND(LOG(AE10, 1.0075), 0) - 700 -> #REF! | AG10: =IF(AG17 = "Aero", Stats!X10, IF(AG17 = "Chassis", Stats!Y10, IF(AG17 = "Suspension", SUM(Stats!Z10:'Stats'!AA10), 0))) -> 11 | AH10: =IF(AH17 = "Aero", Stats!AL10, IF(AH17 = "Chassis", Stats!AM10, IF(AH17 = "Suspension", Stats!AN10, IF(AH17 = "Engine", Stats!AO10, 0)))) -> #REF! | AI10: =IF(AI17 = "Aero", Stats!AL10, IF(AI17 = "Chassis", Stats!AM10, IF(AI17 = "Suspension", Stats!AN10, IF(AI17 = "Engine", Stats!AO10, 0)))) -> #REF! | AJ10: =SUM(H10, AL10:AN10) -> #REF! | AK10: =ROUND(LOG(AJ10, 1.0075), 0) - 700 -> #REF! | AL10: =IF(AL17 = "Aero", Stats!X10, IF(AL17 = "Chassis", Stats!Y10, IF(AL17 = "Suspension", SUM(Stats!Z10:'Stats'!AA10), 0))) -> 11 | AM10: =IF(AM17 = "Aero", Stats!AL10, IF(AM17 = "Chassis", Stats!AM10, IF(AM17 = "Suspension", Stats!AN10, IF(AM17 = "Engine", Stats!AO10, 0)))) -> #REF! | AN10: =IF(AN17 = "Aero", Stats!AL10, IF(AN17 = "Chassis", Stats!AM10, IF(AN17 = "Suspension", Stats!AN10, IF(AN17 = "Engine", Stats!AO10, 0)))) -> #REF! | AO10: =SUM(H10, AQ10:AS10) -> #REF! | AP10: =ROUND(LOG(AO10, 1.0075), 0) - 700 -> #REF! | AQ10: =IF(AQ17 = "Aero", Stats!X10, IF(AQ17 = "Chassis", Stats!Y10, IF(AQ17 = "Suspension", SUM(Stats!Z10:'Stats'!AA10), 0))) -> 11 | AR10: =IF(AR17 = "Aero", Stats!AL10, IF(AR17 = "Chassis", Stats!AM10, IF(AR17 = "Suspension", Stats!AN10, IF(AR17 = "Engine", Stats!AO10, 0)))) -> #REF! | AS10: =IF(AS17 = "Aero", Stats!AL10, IF(AS17 = "Chassis", Stats!AM10, IF(AS17 = "Suspension", Stats!AN10, IF(AS17 = "Engine", Stats!AO10, 0)))) -> #REF! | AT10: =SUM(H10, AV10:AX10) -> #REF! | AU10: =ROUND(LOG(AT10, 1.0075), 0) - 700 -> #REF! | AV10: =IF(AV17 = "Aero", Stats!X10, IF(AV17 = "Chassis", Stats!Y10, IF(AV17 = "Suspension", SUM(Stats!Z10:'Stats'!AA10), 0))) -> 7 | AW10: =IF(AW17 = "Aero", Stats!AL10, IF(AW17 = "Chassis", Stats!AM10, IF(AW17 = "Suspension", Stats!AN10, IF(AW17 = "Engine", Stats!AO10, 0)))) -> #REF! | AX10: =IF(AX17 = "Aero", Stats!AL10, IF(AX17 = "Chassis", Stats!AM10, IF(AX17 = "Suspension", Stats!AN10, IF(AX17 = "Engine", Stats!AO10, 0)))) -> #REF! | AY10: =SUM(H10, BA10:BC10) -> #REF! | AZ10: =ROUND(LOG(AY10, 1.0075), 0) - 700 -> #REF! | BA10: =IF(BA17 = "Aero", Stats!X10, IF(BA17 = "Chassis", Stats!Y10, IF(BA17 = "Suspension", SUM(Stats!Z10:'Stats'!AA10), 0))) -> 7 | BB10: =IF(BB17 = "Aero", Stats!AL10, IF(BB17 = "Chassis", Stats!AM10, IF(BB17 = "Suspension", Stats!AN10, IF(BB17 = "Engine", Stats!AO10, 0)))) -> #REF! | BC10: =IF(BC17 = "Aero", Stats!AL10, IF(BC17 = "Chassis", Stats!AM10, IF(BC17 = "Suspension", Stats!AN10, IF(BC17 = "Engine", Stats!AO10, 0)))) -> #REF! | BD10: =SUM(H10, BF10:BH10) -> #REF! | BE10: =ROUND(LOG(BD10, 1.0075), 0) - 700 -> #REF! | BF10: =IF(BF17 = "Aero", Stats!X10, IF(BF17 = "Chassis", Stats!Y10, IF(BF17 = "Suspension", SUM(Stats!Z10:'Stats'!AA10), 0))) -> 0 | BG10: =IF(BG17 = "Aero", Stats!AL10, IF(BG17 = "Chassis", Stats!AM10, IF(BG17 = "Suspension", Stats!AN10, IF(BG17 = "Engine", Stats!AO10, 0)))) -> #REF! | BH10: =IF(BH17 = "Aero", Stats!AL10, IF(BH17 = "Chassis", Stats!AM10, IF(BH17 = "Suspension", Stats!AN10, IF(BH17 = "Engine", Stats!AO10, 0)))) -> #REF! | BI10: =SUM(H10, BK10:BM10) -> #REF! | BJ10: =ROUND(LOG(BI10, 1.0075), 0) - 700 -> #REF! | BK10: =IF(BK17 = "Aero", Stats!X10, IF(BK17 = "Chassis", Stats!Y10, IF(BK17 = "Suspension", SUM(Stats!Z10:'Stats'!AA10), 0))) -> 11 | BL10: =IF(BL17 = "Aero", Stats!AL10, IF(BL17 = "Chassis", Stats!AM10, IF(BL17 = "Suspension", Stats!AN10, IF(BL17 = "Engine", Stats!AO10, 0)))) -> #REF! | BM10: =IF(BM17 = "Aero", Stats!AL10, IF(BM17 = "Chassis", Stats!AM10, IF(BM17 = "Suspension", Stats!AN10, IF(BM17 = "Engine", Stats!AO10, 0)))) -> #REF! | BN10: =SUM(H10, BP10:BR10) -> #REF! | BO10: =ROUND(LOG(BN10, 1.0075), 0) - 700 -> #REF! | BP10: =IF(BP17 = "Aero", Stats!X10, IF(BP17 = "Chassis", Stats!Y10, IF(BP17 = "Suspension", SUM(Stats!Z10:'Stats'!AA10), 0))) -> 0 | BQ10: =IF(BQ17 = "Aero", Stats!AL10, IF(BQ17 = "Chassis", Stats!AM10, IF(BQ17 = "Suspension", Stats!AN10, IF(BQ17 = "Engine", Stats!AO10, 0)))) -> #REF! | BR10: =IF(BR17 = "Aero", Stats!AL10, IF(BR17 = "Chassis", Stats!AM10, IF(BR17 = "Suspension", Stats!AN10, IF(BR17 = "Engine", Stats!AO10, 0)))) -> #REF! | BS10: =SUM(H10, BU10:BW10) -> #REF! | BT10: =ROUND(LOG(BS10, 1.0075), 0) - 700 -> #REF! | BU10: =IF(BU17 = "Aero", Stats!X10, IF(BU17 = "Chassis", Stats!Y10, IF(BU17 = "Suspension", SUM(Stats!Z10:'Stats'!AA10), 0))) -> 0 | BV10: =IF(BV17 = "Aero", Stats!AL10, IF(BV17 = "Chassis", Stats!AM10, IF(BV17 = "Suspension", Stats!AN10, IF(BV17 = "Engine", Stats!AO10, 0)))) -> #REF! | BW10: =IF(BW17 = "Aero", Stats!AL10, IF(BW17 = "Chassis", Stats!AM10, IF(BW17 = "Suspension", Stats!AN10, IF(BW17 = "Engine", Stats!AO10, 0)))) -> #REF! | BX10: =SUM(H10, BZ10:CB10) -> #REF! | BY10: =ROUND(LOG(BX10, 1.0075), 0) - 700 -> #REF! | BZ10: =IF(BZ17 = "Aero", Stats!X10, IF(BZ17 = "Chassis", Stats!Y10, IF(BZ17 = "Suspension", SUM(Stats!Z10:'Stats'!AA10), 0))) -> 0 | CA10: =IF(CA17 = "Aero", Stats!AL10, IF(CA17 = "Chassis", Stats!AM10, IF(CA17 = "Suspension", Stats!AN10, IF(CA17 = "Engine", Stats!AO10, 0)))) -> #REF! | CB10: =IF(CB17 = "Aero", Stats!AL10, IF(CB17 = "Chassis", Stats!AM10, IF(CB17 = "Suspension", Stats!AN10, IF(CB17 = "Engine", Stats!AO10, 0)))) -> #REF! | CC10: =ROUND(SUM(K10, P10, U10, Z10, AE10, AJ10, AO10, AT10, AY10, BD10, BI10, BN10, BS10, BX10) / 14, 1) -> #REF! | CD10: =ROUND(SUM(L10, Q10, V10, AA10, AF10, AK10, AP10, AU10, AZ10, BE10, BJ10, BO10, BT10, BY10) / 14, 1) -> #REF! | CG10: 10
B11: Team Stellar | C11: =IF(Start!C11 <> "", Start!C11, "") -> March | D11: =IF(Start!D11 <> "", Start!D11, "") -> Honda | E11: =IF(Start!E11 <> "", Start!E11, "") -> Firestone | H11: =Stats!AQ11 -> 700 | K11: =SUM(H11, M11:O11) -> #REF! | L11: =ROUND(LOG(K11, 1.0075), 0) - 700 -> #REF! | M11: =IF(M17 = "Aero", Stats!X11, IF(M17 = "Chassis", Stats!Y11, IF(M17 = "Suspension", SUM(Stats!Z11:'Stats'!AA11), 0))) -> 0 | N11: =IF(N17 = "Aero", Stats!AL11, IF(N17 = "Chassis", Stats!AM11, IF(N17 = "Suspension", Stats!AN11, IF(N17 = "Engine", Stats!AO11, 0)))) -> #REF! | O11: =IF(O17 = "Aero", Stats!AL11, IF(O17 = "Chassis", Stats!AM11, IF(O17 = "Suspension", Stats!AN11, IF(O17 = "Engine", Stats!AO11, 0)))) -> #REF! | P11: =SUM(H11, R11:T11) -> #REF! | Q11: =ROUND(LOG(P11, 1.0075), 0) - 700 -> #REF! | R11: =IF(R17 = "Aero", Stats!X11, IF(R17 = "Chassis", Stats!Y11, IF(R17 = "Suspension", SUM(Stats!Z11:'Stats'!AA11), 0))) -> 0 | S11: =IF(S17 = "Aero", Stats!AL11, IF(S17 = "Chassis", Stats!AM11, IF(S17 = "Suspension", Stats!AN11, IF(S17 = "Engine", Stats!AO11, 0)))) -> #REF! | T11: =IF(T17 = "Aero", Stats!AL11, IF(T17 = "Chassis", Stats!AM11, IF(T17 = "Suspension", Stats!AN11, IF(T17 = "Engine", Stats!AO11, 0)))) -> #REF! | U11: =SUM(H11, W11:Y11) -> #N/A | V11: =ROUND(LOG(U11, 1.0075), 0) - 700 -> #N/A | W11: =IF(W17 = "Aero", Stats!X11, IF(W17 = "Chassis", Stats!Y11, IF(W17 = "Suspension", SUM(Stats!Z11:'Stats'!AA11), 0))) -> #N/A | X11: =IF(X17 = "Aero", Stats!AL11, IF(X17 = "Chassis", Stats!AM11, IF(X17 = "Suspension", Stats!AN11, IF(X17 = "Engine", Stats!AO11, 0)))) -> #N/A | Y11: =IF(Y17 = "Aero", Stats!AL11, IF(Y17 = "Chassis", Stats!AM11, IF(Y17 = "Suspension", Stats!AN11, IF(Y17 = "Engine", Stats!AO11, 0)))) -> #N/A | Z11: =SUM(H11, AB11:AD11) -> #REF! | AA11: =ROUND(LOG(Z11, 1.0075), 0) - 700 -> #REF! | AB11: =IF(AB17 = "Aero", Stats!X11, IF(AB17 = "Chassis", Stats!Y11, IF(AB17 = "Suspension", SUM(Stats!Z11:'Stats'!AA11), 0))) -> 0 | AC11: =IF(AC17 = "Aero", Stats!AL11, IF(AC17 = "Chassis", Stats!AM11, IF(AC17 = "Suspension", Stats!AN11, IF(AC17 = "Engine", Stats!AO11, 0)))) -> #REF! | AD11: =IF(AD17 = "Aero", Stats!AL11, IF(AD17 = "Chassis", Stats!AM11, IF(AD17 = "Suspension", Stats!AN11, IF(AD17 = "Engine", Stats!AO11, 0)))) -> #REF! | AE11: =SUM(H11, AG11:AI11) -> #REF! | AF11: =ROUND(LOG(AE11, 1.0075), 0) - 700 -> #REF! | AG11: =IF(AG17 = "Aero", Stats!X11, IF(AG17 = "Chassis", Stats!Y11, IF(AG17 = "Suspension", SUM(Stats!Z11:'Stats'!AA11), 0))) -> 12 | AH11: =IF(AH17 = "Aero", Stats!AL11, IF(AH17 = "Chassis", Stats!AM11, IF(AH17 = "Suspension", Stats!AN11, IF(AH17 = "Engine", Stats!AO11, 0)))) -> #REF! | AI11: =IF(AI17 = "Aero", Stats!AL11, IF(AI17 = "Chassis", Stats!AM11, IF(AI17 = "Suspension", Stats!AN11, IF(AI17 = "Engine", Stats!AO11, 0)))) -> #REF! | AJ11: =SUM(H11, AL11:AN11) -> #REF! | AK11: =ROUND(LOG(AJ11, 1.0075), 0) - 700 -> #REF! | AL11: =IF(AL17 = "Aero", Stats!X11, IF(AL17 = "Chassis", Stats!Y11, IF(AL17 = "Suspension", SUM(Stats!Z11:'Stats'!AA11), 0))) -> 12 | AM11: =IF(AM17 = "Aero", Stats!AL11, IF(AM17 = "Chassis", Stats!AM11, IF(AM17 = "Suspension", Stats!AN11, IF(AM17 = "Engine", Stats!AO11, 0)))) -> #REF! | AN11: =IF(AN17 = "Aero", Stats!AL11, IF(AN17 = "Chassis", Stats!AM11, IF(AN17 = "Suspension", Stats!AN11, IF(AN17 = "Engine", Stats!AO11, 0)))) -> #REF! | AO11: =SUM(H11, AQ11:AS11) -> #REF! | AP11: =ROUND(LOG(AO11, 1.0075), 0) - 700 -> #REF! | AQ11: =IF(AQ17 = "Aero", Stats!X11, IF(AQ17 = "Chassis", Stats!Y11, IF(AQ17 = "Suspension", SUM(Stats!Z11:'Stats'!AA11), 0))) -> 12 | AR11: =IF(AR17 = "Aero", Stats!AL11, IF(AR17 = "Chassis", Stats!AM11, IF(AR17 = "Suspension", Stats!AN11, IF(AR17 = "Engine", Stats!AO11, 0)))) -> #REF! | AS11: =IF(AS17 = "Aero", Stats!AL11, IF(AS17 = "Chassis", Stats!AM11, IF(AS17 = "Suspension", Stats!AN11, IF(AS17 = "Engine", Stats!AO11, 0)))) -> #REF! | AT11: =SUM(H11, AV11:AX11) -> #REF! | AU11: =ROUND(LOG(AT11, 1.0075), 0) - 700 -> #REF! | AV11: =IF(AV17 = "Aero", Stats!X11, IF(AV17 = "Chassis", Stats!Y11, IF(AV17 = "Suspension", SUM(Stats!Z11:'Stats'!AA11), 0))) -> 9 | AW11: =IF(AW17 = "Aero", Stats!AL11, IF(AW17 = "Chassis", Stats!AM11, IF(AW17 = "Suspension", Stats!AN11, IF(AW17 = "Engine", Stats!AO11, 0)))) -> #REF! | AX11: =IF(AX17 = "Aero", Stats!AL11, IF(AX17 = "Chassis", Stats!AM11, IF(AX17 = "Suspension", Stats!AN11, IF(AX17 = "Engine", Stats!AO11, 0)))) -> #REF! | AY11: =SUM(H11, BA11:BC11) -> #REF! | AZ11: =ROUND(LOG(AY11, 1.0075), 0) - 700 -> #REF! | BA11: =IF(BA17 = "Aero", Stats!X11, IF(BA17 = "Chassis", Stats!Y11, IF(BA17 = "Suspension", SUM(Stats!Z11:'Stats'!AA11), 0))) -> 9 | BB11: =IF(BB17 = "Aero", Stats!AL11, IF(BB17 = "Chassis", Stats!AM11, IF(BB17 = "Suspension", Stats!AN11, IF(BB17 = "Engine", Stats!AO11, 0)))) -> #REF! | BC11: =IF(BC17 = "Aero", Stats!AL11, IF(BC17 = "Chassis", Stats!AM11, IF(BC17 = "Suspension", Stats!AN11, IF(BC17 = "Engine", Stats!AO11, 0)))) -> #REF! | BD11: =SUM(H11, BF11:BH11) -> #REF! | BE11: =ROUND(LOG(BD11, 1.0075), 0) - 700 -> #REF! | BF11: =IF(BF17 = "Aero", Stats!X11, IF(BF17 = "Chassis", Stats!Y11, IF(BF17 = "Suspension", SUM(Stats!Z11:'Stats'!AA11), 0))) -> 0 | BG11: =IF(BG17 = "Aero", Stats!AL11, IF(BG17 = "Chassis", Stats!AM11, IF(BG17 = "Suspension", Stats!AN11, IF(BG17 = "Engine", Stats!AO11, 0)))) -> #REF! | BH11: =IF(BH17 = "Aero", Stats!AL11, IF(BH17 = "Chassis", Stats!AM11, IF(BH17 = "Suspension", Stats!AN11, IF(BH17 = "Engine", Stats!AO11, 0)))) -> #REF! | BI11: =SUM(H11, BK11:BM11) -> #REF! | BJ11: =ROUND(LOG(BI11, 1.0075), 0) - 700 -> #REF! | BK11: =IF(BK17 = "Aero", Stats!X11, IF(BK17 = "Chassis", Stats!Y11, IF(BK17 = "Suspension", SUM(Stats!Z11:'Stats'!AA11), 0))) -> 12 | BL11: =IF(BL17 = "Aero", Stats!AL11, IF(BL17 = "Chassis", Stats!AM11, IF(BL17 = "Suspension", Stats!AN11, IF(BL17 = "Engine", Stats!AO11, 0)))) -> #REF! | BM11: =IF(BM17 = "Aero", Stats!AL11, IF(BM17 = "Chassis", Stats!AM11, IF(BM17 = "Suspension", Stats!AN11, IF(BM17 = "Engine", Stats!AO11, 0)))) -> #REF! | BN11: =SUM(H11, BP11:BR11) -> #REF! | BO11: =ROUND(LOG(BN11, 1.0075), 0) - 700 -> #REF! | BP11: =IF(BP17 = "Aero", Stats!X11, IF(BP17 = "Chassis", Stats!Y11, IF(BP17 = "Suspension", SUM(Stats!Z11:'Stats'!AA11), 0))) -> 0 | BQ11: =IF(BQ17 = "Aero", Stats!AL11, IF(BQ17 = "Chassis", Stats!AM11, IF(BQ17 = "Suspension", Stats!AN11, IF(BQ17 = "Engine", Stats!AO11, 0)))) -> #REF! | BR11: =IF(BR17 = "Aero", Stats!AL11, IF(BR17 = "Chassis", Stats!AM11, IF(BR17 = "Suspension", Stats!AN11, IF(BR17 = "Engine", Stats!AO11, 0)))) -> #REF! | BS11: =SUM(H11, BU11:BW11) -> #REF! | BT11: =ROUND(LOG(BS11, 1.0075), 0) - 700 -> #REF! | BU11: =IF(BU17 = "Aero", Stats!X11, IF(BU17 = "Chassis", Stats!Y11, IF(BU17 = "Suspension", SUM(Stats!Z11:'Stats'!AA11), 0))) -> 0 | BV11: =IF(BV17 = "Aero", Stats!AL11, IF(BV17 = "Chassis", Stats!AM11, IF(BV17 = "Suspension", Stats!AN11, IF(BV17 = "Engine", Stats!AO11, 0)))) -> #REF! | BW11: =IF(BW17 = "Aero", Stats!AL11, IF(BW17 = "Chassis", Stats!AM11, IF(BW17 = "Suspension", Stats!AN11, IF(BW17 = "Engine", Stats!AO11, 0)))) -> #REF! | BX11: =SUM(H11, BZ11:CB11) -> #REF! | BY11: =ROUND(LOG(BX11, 1.0075), 0) - 700 -> #REF! | BZ11: =IF(BZ17 = "Aero", Stats!X11, IF(BZ17 = "Chassis", Stats!Y11, IF(BZ17 = "Suspension", SUM(Stats!Z11:'Stats'!AA11), 0))) -> 0 | CA11: =IF(CA17 = "Aero", Stats!AL11, IF(CA17 = "Chassis", Stats!AM11, IF(CA17 = "Suspension", Stats!AN11, IF(CA17 = "Engine", Stats!AO11, 0)))) -> #REF! | CB11: =IF(CB17 = "Aero", Stats!AL11, IF(CB17 = "Chassis", Stats!AM11, IF(CB17 = "Suspension", Stats!AN11, IF(CB17 = "Engine", Stats!AO11, 0)))) -> #REF! | CC11: =ROUND(SUM(K11, P11, U11, Z11, AE11, AJ11, AO11, AT11, AY11, BD11, BI11, BN11, BS11, BX11) / 14, 1) -> #REF! | CD11: =ROUND(SUM(L11, Q11, V11, AA11, AF11, AK11, AP11, AU11, AZ11, BE11, BJ11, BO11, BT11, BY11) / 14, 1) -> #REF! | CG11: 1
B12: =IF(Start!B12 <> "", Start!B12, "") -> Sim Party Racing | C12: =IF(Start!C12 <> "", Start!C12, "") -> Lola | D12: =IF(Start!D12 <> "", Start!D12, "") -> Chevrolet | E12: =IF(Start!E12 <> "", Start!E12, "") -> Michelin | H12: =Stats!AQ12 -> 689 | K12: =SUM(H12, M12:O12) -> #REF! | L12: =ROUND(LOG(K12, 1.0075), 0) - 700 -> #REF! | M12: =IF(M17 = "Aero", Stats!X12, IF(M17 = "Chassis", Stats!Y12, IF(M17 = "Suspension", SUM(Stats!Z12:'Stats'!AA12), 0))) -> 0 | N12: =IF(N17 = "Aero", Stats!AL12, IF(N17 = "Chassis", Stats!AM12, IF(N17 = "Suspension", Stats!AN12, IF(N17 = "Engine", Stats!AO12, 0)))) -> #REF! | O12: =IF(O17 = "Aero", Stats!AL12, IF(O17 = "Chassis", Stats!AM12, IF(O17 = "Suspension", Stats!AN12, IF(O17 = "Engine", Stats!AO12, 0)))) -> #REF! | P12: =SUM(H12, R12:T12) -> #REF! | Q12: =ROUND(LOG(P12, 1.0075), 0) - 700 -> #REF! | R12: =IF(R17 = "Aero", Stats!X12, IF(R17 = "Chassis", Stats!Y12, IF(R17 = "Suspension", SUM(Stats!Z12:'Stats'!AA12), 0))) -> 0 | S12: =IF(S17 = "Aero", Stats!AL12, IF(S17 = "Chassis", Stats!AM12, IF(S17 = "Suspension", Stats!AN12, IF(S17 = "Engine", Stats!AO12, 0)))) -> #REF! | T12: =IF(T17 = "Aero", Stats!AL12, IF(T17 = "Chassis", Stats!AM12, IF(T17 = "Suspension", Stats!AN12, IF(T17 = "Engine", Stats!AO12, 0)))) -> #REF! | U12: =SUM(H12, W12:Y12) -> #N/A | V12: =ROUND(LOG(U12, 1.0075), 0) - 700 -> #N/A | W12: =IF(W17 = "Aero", Stats!X12, IF(W17 = "Chassis", Stats!Y12, IF(W17 = "Suspension", SUM(Stats!Z12:'Stats'!AA12), 0))) -> #N/A | X12: =IF(X17 = "Aero", Stats!AL12, IF(X17 = "Chassis", Stats!AM12, IF(X17 = "Suspension", Stats!AN12, IF(X17 = "Engine", Stats!AO12, 0)))) -> #N/A | Y12: =IF(Y17 = "Aero", Stats!AL12, IF(Y17 = "Chassis", Stats!AM12, IF(Y17 = "Suspension", Stats!AN12, IF(Y17 = "Engine", Stats!AO12, 0)))) -> #N/A | Z12: =SUM(H12, AB12:AD12) -> #REF! | AA12: =ROUND(LOG(Z12, 1.0075), 0) - 700 -> #REF! | AB12: =IF(AB17 = "Aero", Stats!X12, IF(AB17 = "Chassis", Stats!Y12, IF(AB17 = "Suspension", SUM(Stats!Z12:'Stats'!AA12), 0))) -> 0 | AC12: =IF(AC17 = "Aero", Stats!AL12, IF(AC17 = "Chassis", Stats!AM12, IF(AC17 = "Suspension", Stats!AN12, IF(AC17 = "Engine", Stats!AO12, 0)))) -> #REF! | AD12: =IF(AD17 = "Aero", Stats!AL12, IF(AD17 = "Chassis", Stats!AM12, IF(AD17 = "Suspension", Stats!AN12, IF(AD17 = "Engine", Stats!AO12, 0)))) -> #REF! | AE12: =SUM(H12, AG12:AI12) -> #REF! | AF12: =ROUND(LOG(AE12, 1.0075), 0) - 700 -> #REF! | AG12: =IF(AG17 = "Aero", Stats!X12, IF(AG17 = "Chassis", Stats!Y12, IF(AG17 = "Suspension", SUM(Stats!Z12:'Stats'!AA12), 0))) -> 9 | AH12: =IF(AH17 = "Aero", Stats!AL12, IF(AH17 = "Chassis", Stats!AM12, IF(AH17 = "Suspension", Stats!AN12, IF(AH17 = "Engine", Stats!AO12, 0)))) -> #REF! | AI12: =IF(AI17 = "Aero", Stats!AL12, IF(AI17 = "Chassis", Stats!AM12, IF(AI17 = "Suspension", Stats!AN12, IF(AI17 = "Engine", Stats!AO12, 0)))) -> #REF! | AJ12: =SUM(H12, AL12:AN12) -> #REF! | AK12: =ROUND(LOG(AJ12, 1.0075), 0) - 700 -> #REF! | AL12: =IF(AL17 = "Aero", Stats!X12, IF(AL17 = "Chassis", Stats!Y12, IF(AL17 = "Suspension", SUM(Stats!Z12:'Stats'!AA12), 0))) -> 9 | AM12: =IF(AM17 = "Aero", Stats!AL12, IF(AM17 = "Chassis", Stats!AM12, IF(AM17 = "Suspension", Stats!AN12, IF(AM17 = "Engine", Stats!AO12, 0)))) -> #REF! | AN12: =IF(AN17 = "Aero", Stats!AL12, IF(AN17 = "Chassis", Stats!AM12, IF(AN17 = "Suspension", Stats!AN12, IF(AN17 = "Engine", Stats!AO12, 0)))) -> #REF! | AO12: =SUM(H12, AQ12:AS12) -> #REF! | AP12: =ROUND(LOG(AO12, 1.0075), 0) - 700 -> #REF! | AQ12: =IF(AQ17 = "Aero", Stats!X12, IF(AQ17 = "Chassis", Stats!Y12, IF(AQ17 = "Suspension", SUM(Stats!Z12:'Stats'!AA12), 0))) -> 9 | AR12: =IF(AR17 = "Aero", Stats!AL12, IF(AR17 = "Chassis", Stats!AM12, IF(AR17 = "Suspension", Stats!AN12, IF(AR17 = "Engine", Stats!AO12, 0)))) -> #REF! | AS12: =IF(AS17 = "Aero", Stats!AL12, IF(AS17 = "Chassis", Stats!AM12, IF(AS17 = "Suspension", Stats!AN12, IF(AS17 = "Engine", Stats!AO12, 0)))) -> #REF! | AT12: =SUM(H12, AV12:AX12) -> #REF! | AU12: =ROUND(LOG(AT12, 1.0075), 0) - 700 -> #REF! | AV12: =IF(AV17 = "Aero", Stats!X12, IF(AV17 = "Chassis", Stats!Y12, IF(AV17 = "Suspension", SUM(Stats!Z12:'Stats'!AA12), 0))) -> 5 | AW12: =IF(AW17 = "Aero", Stats!AL12, IF(AW17 = "Chassis", Stats!AM12, IF(AW17 = "Suspension", Stats!AN12, IF(AW17 = "Engine", Stats!AO12, 0)))) -> #REF! | AX12: =IF(AX17 = "Aero", Stats!AL12, IF(AX17 = "Chassis", Stats!AM12, IF(AX17 = "Suspension", Stats!AN12, IF(AX17 = "Engine", Stats!AO12, 0)))) -> #REF! | AY12: =SUM(H12, BA12:BC12) -> #REF! | AZ12: =ROUND(LOG(AY12, 1.0075), 0) - 700 -> #REF! | BA12: =IF(BA17 = "Aero", Stats!X12, IF(BA17 = "Chassis", Stats!Y12, IF(BA17 = "Suspension", SUM(Stats!Z12:'Stats'!AA12), 0))) -> 5 | BB12: =IF(BB17 = "Aero", Stats!AL12, IF(BB17 = "Chassis", Stats!AM12, IF(BB17 = "Suspension", Stats!AN12, IF(BB17 = "Engine", Stats!AO12, 0)))) -> #REF! | BC12: =IF(BC17 = "Aero", Stats!AL12, IF(BC17 = "Chassis", Stats!AM12, IF(BC17 = "Suspension", Stats!AN12, IF(BC17 = "Engine", Stats!AO12, 0)))) -> #REF! | BD12: =SUM(H12, BF12:BH12) -> #REF! | BE12: =ROUND(LOG(BD12, 1.0075), 0) - 700 -> #REF! | BF12: =IF(BF17 = "Aero", Stats!X12, IF(BF17 = "Chassis", Stats!Y12, IF(BF17 = "Suspension", SUM(Stats!Z12:'Stats'!AA12), 0))) -> 0 | BG12: =IF(BG17 = "Aero", Stats!AL12, IF(BG17 = "Chassis", Stats!AM12, IF(BG17 = "Suspension", Stats!AN12, IF(BG17 = "Engine", Stats!AO12, 0)))) -> #REF! | BH12: =IF(BH17 = "Aero", Stats!AL12, IF(BH17 = "Chassis", Stats!AM12, IF(BH17 = "Suspension", Stats!AN12, IF(BH17 = "Engine", Stats!AO12, 0)))) -> #REF! | BI12: =SUM(H12, BK12:BM12) -> #REF! | BJ12: =ROUND(LOG(BI12, 1.0075), 0) - 700 -> #REF! | BK12: =IF(BK17 = "Aero", Stats!X12, IF(BK17 = "Chassis", Stats!Y12, IF(BK17 = "Suspension", SUM(Stats!Z12:'Stats'!AA12), 0))) -> 9 | BL12: =IF(BL17 = "Aero", Stats!AL12, IF(BL17 = "Chassis", Stats!AM12, IF(BL17 = "Suspension", Stats!AN12, IF(BL17 = "Engine", Stats!AO12, 0)))) -> #REF! | BM12: =IF(BM17 = "Aero", Stats!AL12, IF(BM17 = "Chassis", Stats!AM12, IF(BM17 = "Suspension", Stats!AN12, IF(BM17 = "Engine", Stats!AO12, 0)))) -> #REF! | BN12: =SUM(H12, BP12:BR12) -> #REF! | BO12: =ROUND(LOG(BN12, 1.0075), 0) - 700 -> #REF! | BP12: =IF(BP17 = "Aero", Stats!X12, IF(BP17 = "Chassis", Stats!Y12, IF(BP17 = "Suspension", SUM(Stats!Z12:'Stats'!AA12), 0))) -> 0 | BQ12: =IF(BQ17 = "Aero", Stats!AL12, IF(BQ17 = "Chassis", Stats!AM12, IF(BQ17 = "Suspension", Stats!AN12, IF(BQ17 = "Engine", Stats!AO12, 0)))) -> #REF! | BR12: =IF(BR17 = "Aero", Stats!AL12, IF(BR17 = "Chassis", Stats!AM12, IF(BR17 = "Suspension", Stats!AN12, IF(BR17 = "Engine", Stats!AO12, 0)))) -> #REF! | BS12: =SUM(H12, BU12:BW12) -> #REF! | BT12: =ROUND(LOG(BS12, 1.0075), 0) - 700 -> #REF! | BU12: =IF(BU17 = "Aero", Stats!X12, IF(BU17 = "Chassis", Stats!Y12, IF(BU17 = "Suspension", SUM(Stats!Z12:'Stats'!AA12), 0))) -> 0 | BV12: =IF(BV17 = "Aero", Stats!AL12, IF(BV17 = "Chassis", Stats!AM12, IF(BV17 = "Suspension", Stats!AN12, IF(BV17 = "Engine", Stats!AO12, 0)))) -> #REF! | BW12: =IF(BW17 = "Aero", Stats!AL12, IF(BW17 = "Chassis", Stats!AM12, IF(BW17 = "Suspension", Stats!AN12, IF(BW17 = "Engine", Stats!AO12, 0)))) -> #REF! | BX12: =SUM(H12, BZ12:CB12) -> #REF! | BY12: =ROUND(LOG(BX12, 1.0075), 0) - 700 -> #REF! | BZ12: =IF(BZ17 = "Aero", Stats!X12, IF(BZ17 = "Chassis", Stats!Y12, IF(BZ17 = "Suspension", SUM(Stats!Z12:'Stats'!AA12), 0))) -> 0 | CA12: =IF(CA17 = "Aero", Stats!AL12, IF(CA17 = "Chassis", Stats!AM12, IF(CA17 = "Suspension", Stats!AN12, IF(CA17 = "Engine", Stats!AO12, 0)))) -> #REF! | CB12: =IF(CB17 = "Aero", Stats!AL12, IF(CB17 = "Chassis", Stats!AM12, IF(CB17 = "Suspension", Stats!AN12, IF(CB17 = "Engine", Stats!AO12, 0)))) -> #REF! | CC12: =ROUND(SUM(K12, P12, U12, Z12, AE12, AJ12, AO12, AT12, AY12, BD12, BI12, BN12, BS12, BX12) / 14, 1) -> #REF! | CD12: =ROUND(SUM(L12, Q12, V12, AA12, AF12, AK12, AP12, AU12, AZ12, BE12, BJ12, BO12, BT12, BY12) / 14, 1) -> #REF! | CG12: 9
B13: =IF(Start!B13 <> "", Start!B13, "") -> Centurion Engineering | C13: =IF(Start!C13 <> "", Start!C13, "") -> Lola | D13: =IF(Start!D13 <> "", Start!D13, "") -> Porsche | E13: =IF(Start!E13 <> "", Start!E13, "") -> Michelin | H13: =Stats!AQ13 -> 690 | K13: =SUM(H13, M13:O13) -> #REF! | L13: =ROUND(LOG(K13, 1.0075), 0) - 700 -> #REF! | M13: =IF(M17 = "Aero", Stats!X13, IF(M17 = "Chassis", Stats!Y13, IF(M17 = "Suspension", SUM(Stats!Z13:'Stats'!AA13), 0))) -> 0 | N13: =IF(N17 = "Aero", Stats!AL13, IF(N17 = "Chassis", Stats!AM13, IF(N17 = "Suspension", Stats!AN13, IF(N17 = "Engine", Stats!AO13, 0)))) -> #REF! | O13: =IF(O17 = "Aero", Stats!AL13, IF(O17 = "Chassis", Stats!AM13, IF(O17 = "Suspension", Stats!AN13, IF(O17 = "Engine", Stats!AO13, 0)))) -> #REF! | P13: =SUM(H13, R13:T13) -> #REF! | Q13: =ROUND(LOG(P13, 1.0075), 0) - 700 -> #REF! | R13: =IF(R17 = "Aero", Stats!X13, IF(R17 = "Chassis", Stats!Y13, IF(R17 = "Suspension", SUM(Stats!Z13:'Stats'!AA13), 0))) -> 0 | S13: =IF(S17 = "Aero", Stats!AL13, IF(S17 = "Chassis", Stats!AM13, IF(S17 = "Suspension", Stats!AN13, IF(S17 = "Engine", Stats!AO13, 0)))) -> #REF! | T13: =IF(T17 = "Aero", Stats!AL13, IF(T17 = "Chassis", Stats!AM13, IF(T17 = "Suspension", Stats!AN13, IF(T17 = "Engine", Stats!AO13, 0)))) -> #REF! | U13: =SUM(H13, W13:Y13) -> #N/A | V13: =ROUND(LOG(U13, 1.0075), 0) - 700 -> #N/A | W13: =IF(W17 = "Aero", Stats!X13, IF(W17 = "Chassis", Stats!Y13, IF(W17 = "Suspension", SUM(Stats!Z13:'Stats'!AA13), 0))) -> #N/A | X13: =IF(X17 = "Aero", Stats!AL13, IF(X17 = "Chassis", Stats!AM13, IF(X17 = "Suspension", Stats!AN13, IF(X17 = "Engine", Stats!AO13, 0)))) -> #N/A | Y13: =IF(Y17 = "Aero", Stats!AL13, IF(Y17 = "Chassis", Stats!AM13, IF(Y17 = "Suspension", Stats!AN13, IF(Y17 = "Engine", Stats!AO13, 0)))) -> #N/A | Z13: =SUM(H13, AB13:AD13) -> #REF! | AA13: =ROUND(LOG(Z13, 1.0075), 0) - 700 -> #REF! | AB13: =IF(AB17 = "Aero", Stats!X13, IF(AB17 = "Chassis", Stats!Y13, IF(AB17 = "Suspension", SUM(Stats!Z13:'Stats'!AA13), 0))) -> 0 | AC13: =IF(AC17 = "Aero", Stats!AL13, IF(AC17 = "Chassis", Stats!AM13, IF(AC17 = "Suspension", Stats!AN13, IF(AC17 = "Engine", Stats!AO13, 0)))) -> #REF! | AD13: =IF(AD17 = "Aero", Stats!AL13, IF(AD17 = "Chassis", Stats!AM13, IF(AD17 = "Suspension", Stats!AN13, IF(AD17 = "Engine", Stats!AO13, 0)))) -> #REF! | AE13: =SUM(H13, AG13:AI13) -> #REF! | AF13: =ROUND(LOG(AE13, 1.0075), 0) - 700 -> #REF! | AG13: =IF(AG17 = "Aero", Stats!X13, IF(AG17 = "Chassis", Stats!Y13, IF(AG17 = "Suspension", SUM(Stats!Z13:'Stats'!AA13), 0))) -> 11 | AH13: =IF(AH17 = "Aero", Stats!AL13, IF(AH17 = "Chassis", Stats!AM13, IF(AH17 = "Suspension", Stats!AN13, IF(AH17 = "Engine", Stats!AO13, 0)))) -> #REF! | AI13: =IF(AI17 = "Aero", Stats!AL13, IF(AI17 = "Chassis", Stats!AM13, IF(AI17 = "Suspension", Stats!AN13, IF(AI17 = "Engine", Stats!AO13, 0)))) -> #REF! | AJ13: =SUM(H13, AL13:AN13) -> #REF! | AK13: =ROUND(LOG(AJ13, 1.0075), 0) - 700 -> #REF! | AL13: =IF(AL17 = "Aero", Stats!X13, IF(AL17 = "Chassis", Stats!Y13, IF(AL17 = "Suspension", SUM(Stats!Z13:'Stats'!AA13), 0))) -> 11 | AM13: =IF(AM17 = "Aero", Stats!AL13, IF(AM17 = "Chassis", Stats!AM13, IF(AM17 = "Suspension", Stats!AN13, IF(AM17 = "Engine", Stats!AO13, 0)))) -> #REF! | AN13: =IF(AN17 = "Aero", Stats!AL13, IF(AN17 = "Chassis", Stats!AM13, IF(AN17 = "Suspension", Stats!AN13, IF(AN17 = "Engine", Stats!AO13, 0)))) -> #REF! | AO13: =SUM(H13, AQ13:AS13) -> #REF! | AP13: =ROUND(LOG(AO13, 1.0075), 0) - 700 -> #REF! | AQ13: =IF(AQ17 = "Aero", Stats!X13, IF(AQ17 = "Chassis", Stats!Y13, IF(AQ17 = "Suspension", SUM(Stats!Z13:'Stats'!AA13), 0))) -> 11 | AR13: =IF(AR17 = "Aero", Stats!AL13, IF(AR17 = "Chassis", Stats!AM13, IF(AR17 = "Suspension", Stats!AN13, IF(AR17 = "Engine", Stats!AO13, 0)))) -> #REF! | AS13: =IF(AS17 = "Aero", Stats!AL13, IF(AS17 = "Chassis", Stats!AM13, IF(AS17 = "Suspension", Stats!AN13, IF(AS17 = "Engine", Stats!AO13, 0)))) -> #REF! | AT13: =SUM(H13, AV13:AX13) -> #REF! | AU13: =ROUND(LOG(AT13, 1.0075), 0) - 700 -> #REF! | AV13: =IF(AV17 = "Aero", Stats!X13, IF(AV17 = "Chassis", Stats!Y13, IF(AV17 = "Suspension", SUM(Stats!Z13:'Stats'!AA13), 0))) -> 4 | AW13: =IF(AW17 = "Aero", Stats!AL13, IF(AW17 = "Chassis", Stats!AM13, IF(AW17 = "Suspension", Stats!AN13, IF(AW17 = "Engine", Stats!AO13, 0)))) -> #REF! | AX13: =IF(AX17 = "Aero", Stats!AL13, IF(AX17 = "Chassis", Stats!AM13, IF(AX17 = "Suspension", Stats!AN13, IF(AX17 = "Engine", Stats!AO13, 0)))) -> #REF! | AY13: =SUM(H13, BA13:BC13) -> #REF! | AZ13: =ROUND(LOG(AY13, 1.0075), 0) - 700 -> #REF! | BA13: =IF(BA17 = "Aero", Stats!X13, IF(BA17 = "Chassis", Stats!Y13, IF(BA17 = "Suspension", SUM(Stats!Z13:'Stats'!AA13), 0))) -> 4 | BB13: =IF(BB17 = "Aero", Stats!AL13, IF(BB17 = "Chassis", Stats!AM13, IF(BB17 = "Suspension", Stats!AN13, IF(BB17 = "Engine", Stats!AO13, 0)))) -> #REF! | BC13: =IF(BC17 = "Aero", Stats!AL13, IF(BC17 = "Chassis", Stats!AM13, IF(BC17 = "Suspension", Stats!AN13, IF(BC17 = "Engine", Stats!AO13, 0)))) -> #REF! | BD13: =SUM(H13, BF13:BH13) -> #REF! | BE13: =ROUND(LOG(BD13, 1.0075), 0) - 700 -> #REF! | BF13: =IF(BF17 = "Aero", Stats!X13, IF(BF17 = "Chassis", Stats!Y13, IF(BF17 = "Suspension", SUM(Stats!Z13:'Stats'!AA13), 0))) -> 0 | BG13: =IF(BG17 = "Aero", Stats!AL13, IF(BG17 = "Chassis", Stats!AM13, IF(BG17 = "Suspension", Stats!AN13, IF(BG17 = "Engine", Stats!AO13, 0)))) -> #REF! | BH13: =IF(BH17 = "Aero", Stats!AL13, IF(BH17 = "Chassis", Stats!AM13, IF(BH17 = "Suspension", Stats!AN13, IF(BH17 = "Engine", Stats!AO13, 0)))) -> #REF! | BI13: =SUM(H13, BK13:BM13) -> #REF! | BJ13: =ROUND(LOG(BI13, 1.0075), 0) - 700 -> #REF! | BK13: =IF(BK17 = "Aero", Stats!X13, IF(BK17 = "Chassis", Stats!Y13, IF(BK17 = "Suspension", SUM(Stats!Z13:'Stats'!AA13), 0))) -> 11 | BL13: =IF(BL17 = "Aero", Stats!AL13, IF(BL17 = "Chassis", Stats!AM13, IF(BL17 = "Suspension", Stats!AN13, IF(BL17 = "Engine", Stats!AO13, 0)))) -> #REF! | BM13: =IF(BM17 = "Aero", Stats!AL13, IF(BM17 = "Chassis", Stats!AM13, IF(BM17 = "Suspension", Stats!AN13, IF(BM17 = "Engine", Stats!AO13, 0)))) -> #REF! | BN13: =SUM(H13, BP13:BR13) -> #REF! | BO13: =ROUND(LOG(BN13, 1.0075), 0) - 700 -> #REF! | BP13: =IF(BP17 = "Aero", Stats!X13, IF(BP17 = "Chassis", Stats!Y13, IF(BP17 = "Suspension", SUM(Stats!Z13:'Stats'!AA13), 0))) -> 0 | BQ13: =IF(BQ17 = "Aero", Stats!AL13, IF(BQ17 = "Chassis", Stats!AM13, IF(BQ17 = "Suspension", Stats!AN13, IF(BQ17 = "Engine", Stats!AO13, 0)))) -> #REF! | BR13: =IF(BR17 = "Aero", Stats!AL13, IF(BR17 = "Chassis", Stats!AM13, IF(BR17 = "Suspension", Stats!AN13, IF(BR17 = "Engine", Stats!AO13, 0)))) -> #REF! | BS13: =SUM(H13, BU13:BW13) -> #REF! | BT13: =ROUND(LOG(BS13, 1.0075), 0) - 700 -> #REF! | BU13: =IF(BU17 = "Aero", Stats!X13, IF(BU17 = "Chassis", Stats!Y13, IF(BU17 = "Suspension", SUM(Stats!Z13:'Stats'!AA13), 0))) -> 0 | BV13: =IF(BV17 = "Aero", Stats!AL13, IF(BV17 = "Chassis", Stats!AM13, IF(BV17 = "Suspension", Stats!AN13, IF(BV17 = "Engine", Stats!AO13, 0)))) -> #REF! | BW13: =IF(BW17 = "Aero", Stats!AL13, IF(BW17 = "Chassis", Stats!AM13, IF(BW17 = "Suspension", Stats!AN13, IF(BW17 = "Engine", Stats!AO13, 0)))) -> #REF! | BX13: =SUM(H13, BZ13:CB13) -> #REF! | BY13: =ROUND(LOG(BX13, 1.0075), 0) - 700 -> #REF! | BZ13: =IF(BZ17 = "Aero", Stats!X13, IF(BZ17 = "Chassis", Stats!Y13, IF(BZ17 = "Suspension", SUM(Stats!Z13:'Stats'!AA13), 0))) -> 0 | CA13: =IF(CA17 = "Aero", Stats!AL13, IF(CA17 = "Chassis", Stats!AM13, IF(CA17 = "Suspension", Stats!AN13, IF(CA17 = "Engine", Stats!AO13, 0)))) -> #REF! | CB13: =IF(CB17 = "Aero", Stats!AL13, IF(CB17 = "Chassis", Stats!AM13, IF(CB17 = "Suspension", Stats!AN13, IF(CB17 = "Engine", Stats!AO13, 0)))) -> #REF! | CC13: =ROUND(SUM(K13, P13, U13, Z13, AE13, AJ13, AO13, AT13, AY13, BD13, BI13, BN13, BS13, BX13) / 14, 1) -> #REF! | CD13: =ROUND(SUM(L13, Q13, V13, AA13, AF13, AK13, AP13, AU13, AZ13, BE13, BJ13, BO13, BT13, BY13) / 14, 1) -> #REF! | CG13: 6
B14: =IF(Start!B14 <> "", Start!B14, "") -> APR GP Racing | C14: =IF(Start!C14 <> "", Start!C14, "") -> Tatuus | D14: =IF(Start!D14 <> "", Start!D14, "") -> Toyota | E14: =IF(Start!E14 <> "", Start!E14, "") -> Firestone | H14: =Stats!AQ14 -> 695 | K14: =SUM(H14, M14:O14) -> #REF! | L14: =ROUND(LOG(K14, 1.0075), 0) - 700 -> #REF! | M14: =IF(M17 = "Aero", Stats!X14, IF(M17 = "Chassis", Stats!Y14, IF(M17 = "Suspension", SUM(Stats!Z14:'Stats'!AA14), 0))) -> 0 | N14: =IF(N17 = "Aero", Stats!AL14, IF(N17 = "Chassis", Stats!AM14, IF(N17 = "Suspension", Stats!AN14, IF(N17 = "Engine", Stats!AO14, 0)))) -> #REF! | O14: =IF(O17 = "Aero", Stats!AL14, IF(O17 = "Chassis", Stats!AM14, IF(O17 = "Suspension", Stats!AN14, IF(O17 = "Engine", Stats!AO14, 0)))) -> #REF! | P14: =SUM(H14, R14:T14) -> #REF! | Q14: =ROUND(LOG(P14, 1.0075), 0) - 700 -> #REF! | R14: =IF(R17 = "Aero", Stats!X14, IF(R17 = "Chassis", Stats!Y14, IF(R17 = "Suspension", SUM(Stats!Z14:'Stats'!AA14), 0))) -> 0 | S14: =IF(S17 = "Aero", Stats!AL14, IF(S17 = "Chassis", Stats!AM14, IF(S17 = "Suspension", Stats!AN14, IF(S17 = "Engine", Stats!AO14, 0)))) -> #REF! | T14: =IF(T17 = "Aero", Stats!AL14, IF(T17 = "Chassis", Stats!AM14, IF(T17 = "Suspension", Stats!AN14, IF(T17 = "Engine", Stats!AO14, 0)))) -> #REF! | U14: =SUM(H14, W14:Y14) -> #N/A | V14: =ROUND(LOG(U14, 1.0075), 0) - 700 -> #N/A | W14: =IF(W17 = "Aero", Stats!X14, IF(W17 = "Chassis", Stats!Y14, IF(W17 = "Suspension", SUM(Stats!Z14:'Stats'!AA14), 0))) -> #N/A | X14: =IF(X17 = "Aero", Stats!AL14, IF(X17 = "Chassis", Stats!AM14, IF(X17 = "Suspension", Stats!AN14, IF(X17 = "Engine", Stats!AO14, 0)))) -> #N/A | Y14: =IF(Y17 = "Aero", Stats!AL14, IF(Y17 = "Chassis", Stats!AM14, IF(Y17 = "Suspension", Stats!AN14, IF(Y17 = "Engine", Stats!AO14, 0)))) -> #N/A | Z14: =SUM(H14, AB14:AD14) -> #REF! | AA14: =ROUND(LOG(Z14, 1.0075), 0) - 700 -> #REF! | AB14: =IF(AB17 = "Aero", Stats!X14, IF(AB17 = "Chassis", Stats!Y14, IF(AB17 = "Suspension", SUM(Stats!Z14:'Stats'!AA14), 0))) -> 0 | AC14: =IF(AC17 = "Aero", Stats!AL14, IF(AC17 = "Chassis", Stats!AM14, IF(AC17 = "Suspension", Stats!AN14, IF(AC17 = "Engine", Stats!AO14, 0)))) -> #REF! | AD14: =IF(AD17 = "Aero", Stats!AL14, IF(AD17 = "Chassis", Stats!AM14, IF(AD17 = "Suspension", Stats!AN14, IF(AD17 = "Engine", Stats!AO14, 0)))) -> #REF! | AE14: =SUM(H14, AG14:AI14) -> #REF! | AF14: =ROUND(LOG(AE14, 1.0075), 0) - 700 -> #REF! | AG14: =IF(AG17 = "Aero", Stats!X14, IF(AG17 = "Chassis", Stats!Y14, IF(AG17 = "Suspension", SUM(Stats!Z14:'Stats'!AA14), 0))) -> 16 | AH14: =IF(AH17 = "Aero", Stats!AL14, IF(AH17 = "Chassis", Stats!AM14, IF(AH17 = "Suspension", Stats!AN14, IF(AH17 = "Engine", Stats!AO14, 0)))) -> #REF! | AI14: =IF(AI17 = "Aero", Stats!AL14, IF(AI17 = "Chassis", Stats!AM14, IF(AI17 = "Suspension", Stats!AN14, IF(AI17 = "Engine", Stats!AO14, 0)))) -> #REF! | AJ14: =SUM(H14, AL14:AN14) -> #REF! | AK14: =ROUND(LOG(AJ14, 1.0075), 0) - 700 -> #REF! | AL14: =IF(AL17 = "Aero", Stats!X14, IF(AL17 = "Chassis", Stats!Y14, IF(AL17 = "Suspension", SUM(Stats!Z14:'Stats'!AA14), 0))) -> 16 | AM14: =IF(AM17 = "Aero", Stats!AL14, IF(AM17 = "Chassis", Stats!AM14, IF(AM17 = "Suspension", Stats!AN14, IF(AM17 = "Engine", Stats!AO14, 0)))) -> #REF! | AN14: =IF(AN17 = "Aero", Stats!AL14, IF(AN17 = "Chassis", Stats!AM14, IF(AN17 = "Suspension", Stats!AN14, IF(AN17 = "Engine", Stats!AO14, 0)))) -> #REF! | AO14: =SUM(H14, AQ14:AS14) -> #REF! | AP14: =ROUND(LOG(AO14, 1.0075), 0) - 700 -> #REF! | AQ14: =IF(AQ17 = "Aero", Stats!X14, IF(AQ17 = "Chassis", Stats!Y14, IF(AQ17 = "Suspension", SUM(Stats!Z14:'Stats'!AA14), 0))) -> 16 | AR14: =IF(AR17 = "Aero", Stats!AL14, IF(AR17 = "Chassis", Stats!AM14, IF(AR17 = "Suspension", Stats!AN14, IF(AR17 = "Engine", Stats!AO14, 0)))) -> #REF! | AS14: =IF(AS17 = "Aero", Stats!AL14, IF(AS17 = "Chassis", Stats!AM14, IF(AS17 = "Suspension", Stats!AN14, IF(AS17 = "Engine", Stats!AO14, 0)))) -> #REF! | AT14: =SUM(H14, AV14:AX14) -> #REF! | AU14: =ROUND(LOG(AT14, 1.0075), 0) - 700 -> #REF! | AV14: =IF(AV17 = "Aero", Stats!X14, IF(AV17 = "Chassis", Stats!Y14, IF(AV17 = "Suspension", SUM(Stats!Z14:'Stats'!AA14), 0))) -> 5 | AW14: =IF(AW17 = "Aero", Stats!AL14, IF(AW17 = "Chassis", Stats!AM14, IF(AW17 = "Suspension", Stats!AN14, IF(AW17 = "Engine", Stats!AO14, 0)))) -> #REF! | AX14: =IF(AX17 = "Aero", Stats!AL14, IF(AX17 = "Chassis", Stats!AM14, IF(AX17 = "Suspension", Stats!AN14, IF(AX17 = "Engine", Stats!AO14, 0)))) -> #REF! | AY14: =SUM(H14, BA14:BC14) -> #REF! | AZ14: =ROUND(LOG(AY14, 1.0075), 0) - 700 -> #REF! | BA14: =IF(BA17 = "Aero", Stats!X14, IF(BA17 = "Chassis", Stats!Y14, IF(BA17 = "Suspension", SUM(Stats!Z14:'Stats'!AA14), 0))) -> 5 | BB14: =IF(BB17 = "Aero", Stats!AL14, IF(BB17 = "Chassis", Stats!AM14, IF(BB17 = "Suspension", Stats!AN14, IF(BB17 = "Engine", Stats!AO14, 0)))) -> #REF! | BC14: =IF(BC17 = "Aero", Stats!AL14, IF(BC17 = "Chassis", Stats!AM14, IF(BC17 = "Suspension", Stats!AN14, IF(BC17 = "Engine", Stats!AO14, 0)))) -> #REF! | BD14: =SUM(H14, BF14:BH14) -> #REF! | BE14: =ROUND(LOG(BD14, 1.0075), 0) - 700 -> #REF! | BF14: =IF(BF17 = "Aero", Stats!X14, IF(BF17 = "Chassis", Stats!Y14, IF(BF17 = "Suspension", SUM(Stats!Z14:'Stats'!AA14), 0))) -> 0 | BG14: =IF(BG17 = "Aero", Stats!AL14, IF(BG17 = "Chassis", Stats!AM14, IF(BG17 = "Suspension", Stats!AN14, IF(BG17 = "Engine", Stats!AO14, 0)))) -> #REF! | BH14: =IF(BH17 = "Aero", Stats!AL14, IF(BH17 = "Chassis", Stats!AM14, IF(BH17 = "Suspension", Stats!AN14, IF(BH17 = "Engine", Stats!AO14, 0)))) -> #REF! | BI14: =SUM(H14, BK14:BM14) -> #REF! | BJ14: =ROUND(LOG(BI14, 1.0075), 0) - 700 -> #REF! | BK14: =IF(BK17 = "Aero", Stats!X14, IF(BK17 = "Chassis", Stats!Y14, IF(BK17 = "Suspension", SUM(Stats!Z14:'Stats'!AA14), 0))) -> 16 | BL14: =IF(BL17 = "Aero", Stats!AL14, IF(BL17 = "Chassis", Stats!AM14, IF(BL17 = "Suspension", Stats!AN14, IF(BL17 = "Engine", Stats!AO14, 0)))) -> #REF! | BM14: =IF(BM17 = "Aero", Stats!AL14, IF(BM17 = "Chassis", Stats!AM14, IF(BM17 = "Suspension", Stats!AN14, IF(BM17 = "Engine", Stats!AO14, 0)))) -> #REF! | BN14: =SUM(H14, BP14:BR14) -> #REF! | BO14: =ROUND(LOG(BN14, 1.0075), 0) - 700 -> #REF! | BP14: =IF(BP17 = "Aero", Stats!X14, IF(BP17 = "Chassis", Stats!Y14, IF(BP17 = "Suspension", SUM(Stats!Z14:'Stats'!AA14), 0))) -> 0 | BQ14: =IF(BQ17 = "Aero", Stats!AL14, IF(BQ17 = "Chassis", Stats!AM14, IF(BQ17 = "Suspension", Stats!AN14, IF(BQ17 = "Engine", Stats!AO14, 0)))) -> #REF! | BR14: =IF(BR17 = "Aero", Stats!AL14, IF(BR17 = "Chassis", Stats!AM14, IF(BR17 = "Suspension", Stats!AN14, IF(BR17 = "Engine", Stats!AO14, 0)))) -> #REF! | BS14: =SUM(H14, BU14:BW14) -> #REF! | BT14: =ROUND(LOG(BS14, 1.0075), 0) - 700 -> #REF! | BU14: =IF(BU17 = "Aero", Stats!X14, IF(BU17 = "Chassis", Stats!Y14, IF(BU17 = "Suspension", SUM(Stats!Z14:'Stats'!AA14), 0))) -> 0 | BV14: =IF(BV17 = "Aero", Stats!AL14, IF(BV17 = "Chassis", Stats!AM14, IF(BV17 = "Suspension", Stats!AN14, IF(BV17 = "Engine", Stats!AO14, 0)))) -> #REF! | BW14: =IF(BW17 = "Aero", Stats!AL14, IF(BW17 = "Chassis", Stats!AM14, IF(BW17 = "Suspension", Stats!AN14, IF(BW17 = "Engine", Stats!AO14, 0)))) -> #REF! | BX14: =SUM(H14, BZ14:CB14) -> #REF! | BY14: =ROUND(LOG(BX14, 1.0075), 0) - 700 -> #REF! | BZ14: =IF(BZ17 = "Aero", Stats!X14, IF(BZ17 = "Chassis", Stats!Y14, IF(BZ17 = "Suspension", SUM(Stats!Z14:'Stats'!AA14), 0))) -> 0 | CA14: =IF(CA17 = "Aero", Stats!AL14, IF(CA17 = "Chassis", Stats!AM14, IF(CA17 = "Suspension", Stats!AN14, IF(CA17 = "Engine", Stats!AO14, 0)))) -> #REF! | CB14: =IF(CB17 = "Aero", Stats!AL14, IF(CB17 = "Chassis", Stats!AM14, IF(CB17 = "Suspension", Stats!AN14, IF(CB17 = "Engine", Stats!AO14, 0)))) -> #REF! | CC14: =ROUND(SUM(K14, P14, U14, Z14, AE14, AJ14, AO14, AT14, AY14, BD14, BI14, BN14, BS14, BX14) / 14, 1) -> #REF! | CD14: =ROUND(SUM(L14, Q14, V14, AA14, AF14, AK14, AP14, AU14, AZ14, BE14, BJ14, BO14, BT14, BY14) / 14, 1) -> #REF! | CG14: 3
K17: 1 | M17: =IF(K17 = "NC", VLOOKUP(CONCATENATE(K17), calendar, 11, FALSE), VLOOKUP(CONCATENATE("E", K17), calendar, 11, FALSE)) -> Engine | N17: =IF(K17 = "NC", VLOOKUP(CONCATENATE(K17), calendar, 12, FALSE), VLOOKUP(CONCATENATE("E", K17), calendar, 12, FALSE)) -> #REF! | O17: =IF(K17 = "NC", VLOOKUP(CONCATENATE(K17), calendar, 13, FALSE), VLOOKUP(CONCATENATE("E", K17), calendar, 13, FALSE)) -> #REF! | P17: 2 | R17: =IF(P17 = "NC", VLOOKUP(CONCATENATE(P17), calendar, 11, FALSE), VLOOKUP(CONCATENATE("E", P17), calendar, 11, FALSE)) -> Engine | S17: =IF(P17 = "NC", VLOOKUP(CONCATENATE(P17), calendar, 12, FALSE), VLOOKUP(CONCATENATE("E", P17), calendar, 12, FALSE)) -> #REF! | T17: =IF(P17 = "NC", VLOOKUP(CONCATENATE(P17), calendar, 13, FALSE), VLOOKUP(CONCATENATE("E", P17), calendar, 13, FALSE)) -> #REF! | U17: NC | W17: =IF(U17 = "NC", VLOOKUP(CONCATENATE(U17), calendar, 11, FALSE), VLOOKUP(CONCATENATE("E", U17), calendar, 11, FALSE)) -> #N/A | X17: =IF(U17 = "NC", VLOOKUP(CONCATENATE(U17), calendar, 12, FALSE), VLOOKUP(CONCATENATE("E", U17), calendar, 12, FALSE)) -> #N/A | Y17: =IF(U17 = "NC", VLOOKUP(CONCATENATE(U17), calendar, 13, FALSE), VLOOKUP(CONCATENATE("E", U17), calendar, 13, FALSE)) -> #N/A | Z17: 3 | AB17: =IF(Z17 = "NC", VLOOKUP(CONCATENATE(Z17), calendar, 11, FALSE), VLOOKUP(CONCATENATE("E", Z17), calendar, 11, FALSE)) -> Engine | AC17: =IF(Z17 = "NC", VLOOKUP(CONCATENATE(Z17), calendar, 12, FALSE), VLOOKUP(CONCATENATE("E", Z17), calendar, 12, FALSE)) -> #REF! | AD17: =IF(Z17 = "NC", VLOOKUP(CONCATENATE(Z17), calendar, 13, FALSE), VLOOKUP(CONCATENATE("E", Z17), calendar, 13, FALSE)) -> #REF! | AE17: 4 | AG17: =IF(AE17 = "NC", VLOOKUP(CONCATENATE(AE17), calendar, 11, FALSE), VLOOKUP(CONCATENATE("E", AE17), calendar, 11, FALSE)) -> Suspension | AH17: =IF(AE17 = "NC", VLOOKUP(CONCATENATE(AE17), calendar, 12, FALSE), VLOOKUP(CONCATENATE("E", AE17), calendar, 12, FALSE)) -> #REF! | AI17: =IF(AE17 = "NC", VLOOKUP(CONCATENATE(AE17), calendar, 13, FALSE), VLOOKUP(CONCATENATE("E", AE17), calendar, 13, FALSE)) -> #REF! | AJ17: 5 | AL17: =IF(AJ17 = "NC", VLOOKUP(CONCATENATE(AJ17), calendar, 11, FALSE), VLOOKUP(CONCATENATE("E", AJ17), calendar, 11, FALSE)) -> Suspension | AM17: =IF(AJ17 = "NC", VLOOKUP(CONCATENATE(AJ17), calendar, 12, FALSE), VLOOKUP(CONCATENATE("E", AJ17), calendar, 12, FALSE)) -> #REF! | AN17: =IF(AJ17 = "NC", VLOOKUP(CONCATENATE(AJ17), calendar, 13, FALSE), VLOOKUP(CONCATENATE("E", AJ17), calendar, 13, FALSE)) -> #REF! | AO17: 6 | AQ17: =IF(AO17 = "NC", VLOOKUP(CONCATENATE(AO17), calendar, 11, FALSE), VLOOKUP(CONCATENATE("E", AO17), calendar, 11, FALSE)) -> Suspension | AR17: =IF(AO17 = "NC", VLOOKUP(CONCATENATE(AO17), calendar, 12, FALSE), VLOOKUP(CONCATENATE("E", AO17), calendar, 12, FALSE)) -> #REF! | AS17: =IF(AO17 = "NC", VLOOKUP(CONCATENATE(AO17), calendar, 13, FALSE), VLOOKUP(CONCATENATE("E", AO17), calendar, 13, FALSE)) -> #REF! | AT17: 7 | AV17: =IF(AT17 = "NC", VLOOKUP(CONCATENATE(AT17), calendar, 11, FALSE), VLOOKUP(CONCATENATE("E", AT17), calendar, 11, FALSE)) -> Chassis | AW17: =IF(AT17 = "NC", VLOOKUP(CONCATENATE(AT17), calendar, 12, FALSE), VLOOKUP(CONCATENATE("E", AT17), calendar, 12, FALSE)) -> #REF! | AX17: =IF(AT17 = "NC", VLOOKUP(CONCATENATE(AT17), calendar, 13, FALSE), VLOOKUP(CONCATENATE("E", AT17), calendar, 13, FALSE)) -> #REF! | AY17: 8 | BA17: =IF(AY17 = "NC", VLOOKUP(CONCATENATE(AY17), calendar, 11, FALSE), VLOOKUP(CONCATENATE("E", AY17), calendar, 11, FALSE)) -> Chassis | BB17: =IF(AY17 = "NC", VLOOKUP(CONCATENATE(AY17), calendar, 12, FALSE), VLOOKUP(CONCATENATE("E", AY17), calendar, 12, FALSE)) -> #REF! | BC17: =IF(AY17 = "NC", VLOOKUP(CONCATENATE(AY17), calendar, 13, FALSE), VLOOKUP(CONCATENATE("E", AY17), calendar, 13, FALSE)) -> #REF! | BD17: 9 | BF17: =IF(BD17 = "NC", VLOOKUP(CONCATENATE(BD17), calendar, 11, FALSE), VLOOKUP(CONCATENATE("E", BD17), calendar, 11, FALSE)) -> Engine | BG17: =IF(BD17 = "NC", VLOOKUP(CONCATENATE(BD17), calendar, 12, FALSE), VLOOKUP(CONCATENATE("E", BD17), calendar, 12, FALSE)) -> #REF! | BH17: =IF(BD17 = "NC", VLOOKUP(CONCATENATE(BD17), calendar, 13, FALSE), VLOOKUP(CONCATENATE("E", BD17), calendar, 13, FALSE)) -> #REF! | BI17: 10 | BK17: =IF(BI17 = "NC", VLOOKUP(CONCATENATE(BI17), calendar, 11, FALSE), VLOOKUP(CONCATENATE("E", BI17), calendar, 11, FALSE)) -> Suspension | BL17: =IF(BI17 = "NC", VLOOKUP(CONCATENATE(BI17), calendar, 12, FALSE), VLOOKUP(CONCATENATE("E", BI17), calendar, 12, FALSE)) -> #REF! | BM17: =IF(BI17 = "NC", VLOOKUP(CONCATENATE(BI17), calendar, 13, FALSE), VLOOKUP(CONCATENATE("E", BI17), calendar, 13, FALSE)) -> #REF! | BN17: 11 | BP17: =IF(BN17 = "NC", VLOOKUP(CONCATENATE(BN17), calendar, 11, FALSE), VLOOKUP(CONCATENATE("E", BN17), calendar, 11, FALSE)) -> Engine | BQ17: =IF(BN17 = "NC", VLOOKUP(CONCATENATE(BN17), calendar, 12, FALSE), VLOOKUP(CONCATENATE("E", BN17), calendar, 12, FALSE)) -> #REF! | BR17: =IF(BN17 = "NC", VLOOKUP(CONCATENATE(BN17), calendar, 13, FALSE), VLOOKUP(CONCATENATE("E", BN17), calendar, 13, FALSE)) -> #REF! | BS17: 12 | BU17: =IF(BS17 = "NC", VLOOKUP(CONCATENATE(BS17), calendar, 11, FALSE), VLOOKUP(CONCATENATE("E", BS17), calendar, 11, FALSE)) -> Engine | BV17: =IF(BS17 = "NC", VLOOKUP(CONCATENATE(BS17), calendar, 12, FALSE), VLOOKUP(CONCATENATE("E", BS17), calendar, 12, FALSE)) -> #REF! | BW17: =IF(BS17 = "NC", VLOOKUP(CONCATENATE(BS17), calendar, 13, FALSE), VLOOKUP(CONCATENATE("E", BS17), calendar, 13, FALSE)) -> #REF! | BX17: 13 | BZ17: =IF(BX17 = "NC", VLOOKUP(CONCATENATE(BX17), calendar, 11, FALSE), VLOOKUP(CONCATENATE("E", BX17), calendar, 11, FALSE)) -> Engine | CA17: =IF(BX17 = "NC", VLOOKUP(CONCATENATE(BX17), calendar, 12, FALSE), VLOOKUP(CONCATENATE("E", BX17), calendar, 12, FALSE)) -> #REF! | CB17: =IF(BX17 = "NC", VLOOKUP(CONCATENATE(BX17), calendar, 13, FALSE), VLOOKUP(CONCATENATE("E", BX17), calendar, 13, FALSE)) -> #REF! | CC17: =ROUND(SUM(CC5:CC14) / 10, 1) -> #REF! | CD17: =ROUND(SUM(CD5:CD14) / 10, 1) -> #REF!
K18: =MAX(K5:K14) - MIN(K5:K14) -> #REF! | M18: =MAX(M5:M14) - MIN(M5:M14) -> 0 | N18: =MAX(N5:N14) - MIN(N5:N14) -> #REF! | O18: =MAX(O5:O14) - MIN(O5:O14) -> #REF! | P18: =MAX(P5:P14) - MIN(P5:P14) -> #REF! | R18: =MAX(R5:R14) - MIN(R5:R14) -> 0 | S18: =MAX(S5:S14) - MIN(S5:S14) -> #REF! | T18: =MAX(T5:T14) - MIN(T5:T14) -> #REF! | U18: =MAX(U5:U14) - MIN(U5:U14) -> #N/A | W18: =MAX(W5:W14) - MIN(W5:W14) -> #N/A | X18: =MAX(X5:X14) - MIN(X5:X14) -> #N/A | Y18: =MAX(Y5:Y14) - MIN(Y5:Y14) -> #N/A | Z18: =MAX(Z5:Z14) - MIN(Z5:Z14) -> #REF! | AB18: =MAX(AB5:AB14) - MIN(AB5:AB14) -> 0 | AC18: =MAX(AC5:AC14) - MIN(AC5:AC14) -> #REF! | AD18: =MAX(AD5:AD14) - MIN(AD5:AD14) -> #REF! | AE18: =MAX(AE5:AE14) - MIN(AE5:AE14) -> #REF! | AG18: =MAX(AG5:AG14) - MIN(AG5:AG14) -> 7 | AH18: =MAX(AH5:AH14) - MIN(AH5:AH14) -> #REF! | AI18: =MAX(AI5:AI14) - MIN(AI5:AI14) -> #REF! | AJ18: =MAX(AJ5:AJ14) - MIN(AJ5:AJ14) -> #REF! | AL18: =MAX(AL5:AL14) - MIN(AL5:AL14) -> 7 | AM18: =MAX(AM5:AM14) - MIN(AM5:AM14) -> #REF! | AN18: =MAX(AN5:AN14) - MIN(AN5:AN14) -> #REF! | AO18: =MAX(AO5:AO14) - MIN(AO5:AO14) -> #REF! | AQ18: =MAX(AQ5:AQ14) - MIN(AQ5:AQ14) -> 7 | AR18: =MAX(AR5:AR14) - MIN(AR5:AR14) -> #REF! | AS18: =MAX(AS5:AS14) - MIN(AS5:AS14) -> #REF! | AT18: =MAX(AT5:AT14) - MIN(AT5:AT14) -> #REF! | AV18: =MAX(AV5:AV14) - MIN(AV5:AV14) -> 6 | AW18: =MAX(AW5:AW14) - MIN(AW5:AW14) -> #REF! | AX18: =MAX(AX5:AX14) - MIN(AX5:AX14) -> #REF! | AY18: =MAX(AY5:AY14) - MIN(AY5:AY14) -> #REF! | BA18: =MAX(BA5:BA14) - MIN(BA5:BA14) -> 6 | BB18: =MAX(BB5:BB14) - MIN(BB5:BB14) -> #REF! | BC18: =MAX(BC5:BC14) - MIN(BC5:BC14) -> #REF! | BD18: =MAX(BD5:BD14) - MIN(BD5:BD14) -> #REF! | BF18: =MAX(BF5:BF14) - MIN(BF5:BF14) -> 0 | BG18: =MAX(BG5:BG14) - MIN(BG5:BG14) -> #REF! | BH18: =MAX(BH5:BH14) - MIN(BH5:BH14) -> #REF! | BI18: =MAX(BI5:BI14) - MIN(BI5:BI14) -> #REF! | BK18: =MAX(BK5:BK14) - MIN(BK5:BK14) -> 7 | BL18: =MAX(BL5:BL14) - MIN(BL5:BL14) -> #REF! | BM18: =MAX(BM5:BM14) - MIN(BM5:BM14) -> #REF! | BN18: =MAX(BN5:BN14) - MIN(BN5:BN14) -> #REF! | BP18: =MAX(BP5:BP14) - MIN(BP5:BP14) -> 0 | BQ18: =MAX(BQ5:BQ14) - MIN(BQ5:BQ14) -> #REF! | BR18: =MAX(BR5:BR14) - MIN(BR5:BR14) -> #REF! | BS18: =MAX(BS5:BS14) - MIN(BS5:BS14) -> #REF! | BU18: =MAX(BU5:BU14) - MIN(BU5:BU14) -> 0 | BV18: =MAX(BV5:BV14) - MIN(BV5:BV14) -> #REF! | BW18: =MAX(BW5:BW14) - MIN(BW5:BW14) -> #REF! | BX18: =MAX(BX5:BX14) - MIN(BX5:BX14) -> #REF! | BZ18: =MAX(BZ5:BZ14) - MIN(BZ5:BZ14) -> 0 | CA18: =MAX(CA5:CA14) - MIN(CA5:CA14) -> #REF! | CB18: =MAX(CB5:CB14) - MIN(CB5:CB14) -> #REF! | CC18: =MAX(CC5:CC14) - MIN(CC5:CC14) -> #REF! | CD18: =MAX(CD5:CD14) - MIN(CD5:CD14) -> #REF!

Sheet Upgrades
B2: TDS12 | O2: TDS12 | S2: TDS12 | AA2: TDS12 | AK2: TDS12 | AU2: TDS12 | BC2: TDS12 | BH2: Supplier | BI2: Upgrade
B3: Team Setup Upgrades Permitted | O3: Team Aerodynamic Upgrades Permitted | S3: Team Aerodynamic Upgrades | AA3: Chassis Upgrades | AK3: Engine Upgrades | AU3: Tyre Upgrades | BC3: Team Aero Upgrades | BH3: Lola
B4: Team Name | C4: Upgrades | F4: Team Name | G4: Upgrade 1 | H4: Upgrade 2 | I4: Upgrade 3 | J4: Upgrade 4 | K4: Upgrade 5 | L4: Gain | O4: Team Name | P4: Upgrades | S4: Team Name | T4: Upgrade 1 | U4: Upgrade 2 | V4: Upgrade 3 | W4: Upgrade 4 | X4: Gain | AA4: Supplier | AB4: Upgrades | AE4: Supplier | AF4: Upgrade 1 | AG4: Upgrade 2 | AH4: Gain | AK4: Supplier | AL4: Upgrades | AO4: Supplier | AP4: Upgrade 1 | AQ4: Upgrade 2 | AR4: Gain | AU4: Supplier | AV4: Upgrades | AY4: Supplier | AZ4: Upgrade | BC4: Team Name | BD4: Upgrade 1 | BE4: Upgrade 2 | BH4: March
B5: Super Corby Racing | C5: 1 | F5: Super Corby Racing | G5: Aero: 2 | H5: - | I5: - | J5: - | K5: - | L5: 2 | O5: Bruh Racing | P5: 3 | S5: Bruh Racing | T5: Floor: 2 | U5: Sidepods: 2 | V5: Front Aero: 2 | W5: - | X5: 6 | AA5: Lola | AB5: 1 | AE5: Lola | AF5: Rear Susp: 3 | AG5: - | AH5: 3 | AK5: Chevrolet | AL5: 2 | AO5: Chevrolet | AP5: Hybrid: 1 | AQ5: Engine: 2 | AR5: 3 | AU5: Firestone | AV5: 1 | AY5: Firestone | AZ5: Score: 3 | BC5: Bruh Racing | BH5: Reynard
B6: Bruh Racing | C6: 2 | F6: Bruh Racing | G6: Team OVR: 2 | H6: Aero: 3 | I6: - | J6: - | K6: - | L6: 5 | O6: Tactically Perfect Racing | P6: 2 | S6: Tactically Perfect Racing | T6: Sidepods: 1 | U6: Rear Aero: 3 | V6: - | W6: - | X6: 4 | AA6: March | AB6: 2 | AE6: March | AF6: Rear Susp: 3 | AG6: Front Susp: 3 | AH6: 6 | AK6: Honda | AL6: 2 | AO6: Honda | AP6: Hybrid: 3 | AQ6: Engine: 3 | AR6: 6 | AU6: Pirelli | AV6: 1 | AY6: Pirelli | AZ6: Score: 1 | BC6: Tactically Perfect Racing | BH6: Tatuus
B7: APR GP Racing | C7: 2 | F7: APR GP Racing | G7: Front Susp: 3 | H7: Aero: 1 | I7: - | J7: - | K7: - | L7: 4 | O7: Super Corby Racing | P7: 2 | S7: Super Corby Racing | T7: Floor: 2 | U7: Sidepods: 2 | V7: - | W7: - | X7: 4 | AA7: Reynard | AB7: 1 | AE7: Reynard | AF7: Rear Susp: 1 | AG7: - | AH7: 1 | AK7: Porsche | AL7: 2 | AO7: Porsche | AP7: Engine: 3 | AQ7: Hybrid: 2 | AR7: 5 | AU7: Michelin | AV7: 1 | AY7: Michelin | AZ7: Score: 2 | BC7: Super Corby Racing
B8: 98-99 Racing | C8: 2 | F8: 98-99 Racing | G8: Front Susp: 1 | H8: Rear Susp: 3 | I8: - | J8: - | K8: - | L8: 4 | O8: Blue Flag Racing | P8: 4 | S8: Blue Flag Racing | T8: Floor: 2 | U8: Sidepods: 2 | V8: Rear Aero: 3 | W8: Front Aero: 2 | X8: 9 | AA8: Tatuus | AB8: 2 | AE8: Tatuus | AF8: Front Susp: 2 | AG8: Rear Susp: 1 | AH8: 3 | AK8: Toyota | AL8: 2 | AO8: Toyota | AP8: Engine: 2 | AQ8: Hybrid: 1 | AR8: 3 | BC8: Blue Flag Racing
B9: Centurion Engineering | C9: 3 | F9: Centurion Engineering | G9: Team OVR: 3 | H9: Rear Susp: 2 | I9: Aero: 3 | J9: - | K9: - | L9: 8 | O9: 98-99 Racing | P9: 3 | S9: 98-99 Racing | T9: Sidepods: 3 | U9: Rear Aero: 2 | V9: Floor :1 | W9: - | X9: 6 | BC9: 98-99 Racing
B10: Project D Racing | C10: 3 | F10: Project D Racing | G10: Front Susp: 3 | H10: Chassis: 2 | I10: Team OVR: 1 | J10: - | K10: - | L10: 6 | O10: Project D Racing | P10: 4 | S10: Project D Racing | T10: Rear Aero: 1 | U10: Sidepods: 2 | V10: Front Aero: 3 | W10: Floor: 1 | X10: 7 | BC10: Project D Racing | BH10: Supplier | BI10: Upgrade
B11: Sim Party Racing | C11: 3 | F11: Sim Party Racing | G11: Team OVR: 1 | H11: Aero: 3 | I11: Front Susp: 1 | J11: - | K11: - | L11: 5 | O11: Team Stellar | P11: 3 | S11: Team Stellar | T11: Rear Aero: 1 | U11: Sidepods: 1 | V11: Front Aero: 3 | W11: - | X11: 5 | BC11: Team Stellar | BH11: Chevrolet
B12: Team Stellar | C12: 4 | F12: Team Stellar | G12: Chassis: 3 | H12: Team OVR: 2 | I12: Aero: 1 | J12: Rear Susp: 2 | K12: - | L12: 8 | O12: Sim Party Racing | P12: 3 | S12: Sim Party Racing | T12: Sidepods: 3 | U12: Floor: 2 | V12: Front Aero: 1 | W12: - | X12: 6 | BC12: Sim Party Racing | BH12: Honda
B13: Tactically Perfect Racing | C13: 4 | F13: Tactically Perfect Racing | G13: Chassis: 1 | H13: Team OVR: 1 | I13: Rear Susp: 3 | J13: Aero: 3 | K13: - | L13: 8 | O13: Centurion Engineering | P13: 2 | S13: Centurion Engineering | T13: Floor: 2 | U13: Sidepods: 2 | V13: - | W13: - | X13: 4 | BC13: Centurion Engineering | BH13: Porsche
B14: Blue Flag Racing | C14: 5 | F14: Blue Flag Racing | G14: Rear Susp: 2 | H14: Team OVR: 1 | I14: Aero: 2 | J14: Front Susp: 1 | K14: Chassis: 3 | L14: 9 | O14: APR GP Racing | P14: 2 | S14: APR GP Racing | T14: Floor: 2 | U14: Rear Aero: 3 | V14: - | W14: - | X14: 5 | BC14: APR GP Racing | BH14: Toyota
BC17: TDS12 | BH17: Supplier | BI17: Upgrade
BC18: Team Aero Upgrades | BH18: Lola
BC19: Team Name | BD19: Upgrade 1 | BE19: Upgrade 2 | BH19: March
BC20: Bruh Racing | BH20: Reynard
BC21: Tactically Perfect Racing | BH21: Tatuus
BC22: Super Corby Racing
BC23: Blue Flag Racing
BC24: 98-99 Racing
BC25: Project D Racing | BH25: Supplier | BI25: Upgrade
BC26: Team Stellar | BH26: Chevrolet
BC27: Sim Party Racing | BH27: Honda
BC28: Centurion Engineering | BH28: Porsche
BC29: APR GP Racing | BH29: Toyota

Sheet Standings OLD
B2: TDS12 | BC2: TDS12
B3: Drivers Standings | L3: Car No | M3: Event 1 | P3: Event 2 | S3: Event 3 | V3: Event 4 | Y3: Event 5 | AB3: Event 6 | AE3: Event 7 | AH3: Event 8 | AK3: Event 9 | AN3: Event 10 | AQ3: Event 11 | AT3: Event 12 | AW3: Event 13 | AZ3: R2 Pole | BC3: Teams Standings | BM3: Car No | BN3: Event 1 | BQ3: Event 2 | BT3: Event 3 | BW3: Event 4 | BZ3: Event 5 | CC3: Event 6 | CF3: Event 7 | CI3: Event 8 | CL3: Event 9 | CO3: Event 10 | CR3: Event 11 | CU3: Event 12 | CX3: Event 13 | DA3: R2 Pole | DD3: Chassis | DE3: Event 1 | DH3: Event 2 | DK3: Event 3 | DN3: Event 4 | DQ3: Event 5 | DT3: Event 6 | DW3: Event 7 | DZ3: Event 8 | EC3: Event 9 | EF3: Event 10 | EI3: Event 11 | EL3: Event 12 | EO3: Event 13 | ER3: R2 Pole | EU3: Chassis | EV3: Event 1 | EY3: Event 2 | FB3: Event 3 | FE3: Event 4 | FH3: Event 5 | FK3: Event 6 | FN3: Event 7 | FQ3: Event 8 | FT3: Event 9 | FW3: Event 10 | FZ3: Event 11 | GC3: Event 12 | GF3: Event 13 | GI3: R2 Pole | GL3: Points
B4: Pos | C4: Driver Name | D4: Car No | E4: Team Name | F4: Spine | G4: Engine | H4: Tyres | I4: Points | M4: Q | N4: R1 | O4: R2 | P4: Q | Q4: R1 | R4: R2 | S4: Q | T4: R1 | U4: R2 | V4: Q | W4: R1 | X4: R2 | Y4: Q | Z4: R1 | AA4: R2 | AB4: Q | AC4: R1 | AD4: R2 | AE4: Q | AF4: R1 | AG4: R2 | AH4: Q | AI4: R1 | AJ4: R2 | AK4: Q | AL4: R1 | AM4: R2 | AN4: Q | AO4: R1 | AP4: R2 | AQ4: Q | AR4: R1 | AS4: R2 | AT4: Q | AU4: R1 | AV4: R2 | AW4: Q | AX4: R1 | AY4: R2 | BC4: Pos | BD4: Team Name | BE4: Points | BH4: S | BI4: E | BJ4: T | BN4: Q | BO4: R1 | BP4: R2 | BQ4: Q | BR4: R1 | BS4: R2 | BT4: Q | BU4: R1 | BV4: R2 | BW4: Q | BX4: R1 | BY4: R2 | BZ4: Q | CA4: R1 | CB4: R2 | CC4: Q | CD4: R1 | CE4: R2 | CF4: Q | CG4: R1 | CH4: R2 | CI4: Q | CJ4: R1 | CK4: R2 | CL4: Q | CM4: R1 | CN4: R2 | CO4: Q | CP4: R1 | CQ4: R2 | CR4: Q | CS4: R1 | CT4: R2 | CU4: Q | CV4: R1 | CW4: R2 | CX4: Q | CY4: R1 | CZ4: R2 | DE4: Q | DF4: R1 | DG4: R2 | DH4: Q | DI4: R1 | DJ4: R2 | DK4: Q | DL4: R1 | DM4: R2 | DN4: Q | DO4: R1 | DP4: R2 | DQ4: Q | DR4: R1 | DS4: R2 | DT4: Q | DU4: R1 | DV4: R2 | DW4: Q | DX4: R1 | DY4: R2 | DZ4: Q | EA4: R1 | EB4: R2 | EC4: Q | ED4: R1 | EE4: R2 | EF4: Q | EG4: R1 | EH4: R2 | EI4: Q | EJ4: R1 | EK4: R2 | EL4: Q | EM4: R1 | EN4: R2 | EO4: Q | EP4: R1 | EQ4: R2 | EV4: Q | EW4: R1 | EX4: R2 | EY4: Q | EZ4: R1 | FA4: R2 | FB4: Q | FC4: R1 | FD4: R2 | FE4: Q | FF4: R1 | FG4: R2 | FH4: Q | FI4: R1 | FJ4: R2 | FK4: Q | FL4: R1 | FM4: R2 | FN4: Q | FO4: R1 | FP4: R2 | FQ4: Q | FR4: R1 | FS4: R2 | FT4: Q | FU4: R1 | FV4: R2 | FW4: Q | FX4: R1 | FY4: R2 | FZ4: Q | GA4: R1 | GB4: R2 | GC4: Q | GD4: R1 | GE4: R2 | GF4: Q | GG4: R1 | GH4: R2
